file_name,ori,loc,phase/pattern,SSGv,SSGv,BSG,MGnv,MGv,index1
0000000001.bmp,1,0,1,0,0,0,1,0,1
0000000002.bmp,1,0,2,0,0,0,1,0,1
0000000003.bmp,1,0,3,0,0,0,1,0,1
0000000004.bmp,1,0,4,0,0,0,1,0,1
0000000005.bmp,1,0,5,0,0,0,1,0,1
0000000006.bmp,1,0,6,0,0,0,1,0,1
0000000007.bmp,2,0,1,0,0,0,1,0,1
0000000008.bmp,2,0,2,0,0,0,1,0,1
0000000009.bmp,2,0,3,0,0,0,1,0,1
0000000010.bmp,2,0,4,0,0,0,1,0,1
0000000011.bmp,2,0,5,0,0,0,1,0,1
0000000012.bmp,2,0,6,0,0,0,1,0,1
0000000013.bmp,3,0,1,0,0,0,1,0,1
0000000014.bmp,3,0,2,0,0,0,1,0,1
0000000015.bmp,3,0,3,0,0,0,1,0,1
0000000016.bmp,3,0,4,0,0,0,1,0,1
0000000017.bmp,3,0,5,0,0,0,1,0,1
0000000018.bmp,3,0,6,0,0,0,1,0,1
0000000019.bmp,4,0,1,0,0,0,1,0,1
0000000020.bmp,4,0,2,0,0,0,1,0,1
0000000021.bmp,4,0,3,0,0,0,1,0,1
0000000022.bmp,4,0,4,0,0,0,1,0,1
0000000023.bmp,4,0,5,0,0,0,1,0,1
0000000024.bmp,4,0,6,0,0,0,1,0,1
0000000025.bmp,5,0,1,0,0,0,1,0,1
0000000026.bmp,5,0,2,0,0,0,1,0,1
0000000027.bmp,5,0,3,0,0,0,1,0,1
0000000028.bmp,5,0,4,0,0,0,1,0,1
0000000029.bmp,5,0,5,0,0,0,1,0,1
0000000030.bmp,5,0,6,0,0,0,1,0,1
0000000031.bmp,6,0,1,0,0,0,1,0,1
0000000032.bmp,6,0,2,0,0,0,1,0,1
0000000033.bmp,6,0,3,0,0,0,1,0,1
0000000034.bmp,6,0,4,0,0,0,1,0,1
0000000035.bmp,6,0,5,0,0,0,1,0,1
0000000036.bmp,6,0,6,0,0,0,1,0,1
0000000037.bmp,7,0,1,0,0,0,1,0,1
0000000038.bmp,7,0,2,0,0,0,1,0,1
0000000039.bmp,7,0,3,0,0,0,1,0,1
0000000040.bmp,7,0,4,0,0,0,1,0,1
0000000041.bmp,7,0,5,0,0,0,1,0,1
0000000042.bmp,7,0,6,0,0,0,1,0,1
0000000043.bmp,8,0,1,0,0,0,1,0,1
0000000044.bmp,8,0,2,0,0,0,1,0,1
0000000045.bmp,8,0,3,0,0,0,1,0,1
0000000046.bmp,8,0,4,0,0,0,1,0,1
0000000047.bmp,8,0,5,0,0,0,1,0,1
0000000048.bmp,8,0,6,0,0,0,1,0,1
0000000049.bmp,9,0,1,0,0,0,1,0,1
0000000050.bmp,9,0,2,0,0,0,1,0,1
0000000051.bmp,9,0,3,0,0,0,1,0,1
0000000052.bmp,9,0,4,0,0,0,1,0,1
0000000053.bmp,9,0,5,0,0,0,1,0,1
0000000054.bmp,9,0,6,0,0,0,1,0,1
0000000055.bmp,10,0,1,0,0,0,1,0,1
0000000056.bmp,10,0,2,0,0,0,1,0,1
0000000057.bmp,10,0,3,0,0,0,1,0,1
0000000058.bmp,10,0,4,0,0,0,1,0,1
0000000059.bmp,10,0,5,0,0,0,1,0,1
0000000060.bmp,10,0,6,0,0,0,1,0,1
0000000061.bmp,11,0,1,0,0,0,1,0,1
0000000062.bmp,11,0,2,0,0,0,1,0,1
0000000063.bmp,11,0,3,0,0,0,1,0,1
0000000064.bmp,11,0,4,0,0,0,1,0,1
0000000065.bmp,11,0,5,0,0,0,1,0,1
0000000066.bmp,11,0,6,0,0,0,1,0,1
0000000067.bmp,12,0,1,0,0,0,1,0,1
0000000068.bmp,12,0,2,0,0,0,1,0,1
0000000069.bmp,12,0,3,0,0,0,1,0,1
0000000070.bmp,12,0,4,0,0,0,1,0,1
0000000071.bmp,12,0,5,0,0,0,1,0,1
0000000072.bmp,12,0,6,0,0,0,1,0,1
0000000073.bmp,13,0,1,0,0,0,1,0,1
0000000074.bmp,13,0,2,0,0,0,1,0,1
0000000075.bmp,13,0,3,0,0,0,1,0,1
0000000076.bmp,13,0,4,0,0,0,1,0,1
0000000077.bmp,13,0,5,0,0,0,1,0,1
0000000078.bmp,13,0,6,0,0,0,1,0,1
0000000079.bmp,14,0,1,0,0,0,1,0,1
0000000080.bmp,14,0,2,0,0,0,1,0,1
0000000081.bmp,14,0,3,0,0,0,1,0,1
0000000082.bmp,14,0,4,0,0,0,1,0,1
0000000083.bmp,14,0,5,0,0,0,1,0,1
0000000084.bmp,14,0,6,0,0,0,1,0,1
0000000085.bmp,15,0,1,0,0,0,1,0,1
0000000086.bmp,15,0,2,0,0,0,1,0,1
0000000087.bmp,15,0,3,0,0,0,1,0,1
0000000088.bmp,15,0,4,0,0,0,1,0,1
0000000089.bmp,15,0,5,0,0,0,1,0,1
0000000090.bmp,15,0,6,0,0,0,1,0,1
0000000091.bmp,16,0,1,0,0,0,1,0,1
0000000092.bmp,16,0,2,0,0,0,1,0,1
0000000093.bmp,16,0,3,0,0,0,1,0,1
0000000094.bmp,16,0,4,0,0,0,1,0,1
0000000095.bmp,16,0,5,0,0,0,1,0,1
0000000096.bmp,16,0,6,0,0,0,1,0,1
0000000097.bmp,17,0,1,0,0,0,1,0,1
0000000098.bmp,17,0,2,0,0,0,1,0,1
0000000099.bmp,17,0,3,0,0,0,1,0,1
0000000100.bmp,17,0,4,0,0,0,1,0,1
0000000101.bmp,17,0,5,0,0,0,1,0,1
0000000102.bmp,17,0,6,0,0,0,1,0,1
0000000103.bmp,18,0,1,0,0,0,1,0,1
0000000104.bmp,18,0,2,0,0,0,1,0,1
0000000105.bmp,18,0,3,0,0,0,1,0,1
0000000106.bmp,18,0,4,0,0,0,1,0,1
0000000107.bmp,18,0,5,0,0,0,1,0,1
0000000108.bmp,18,0,6,0,0,0,1,0,1
0000000109.bmp,19,0,1,0,0,0,1,0,1
0000000110.bmp,19,0,2,0,0,0,1,0,1
0000000111.bmp,19,0,3,0,0,0,1,0,1
0000000112.bmp,19,0,4,0,0,0,1,0,1
0000000113.bmp,19,0,5,0,0,0,1,0,1
0000000114.bmp,19,0,6,0,0,0,1,0,1
0000000115.bmp,20,0,1,0,0,0,1,0,1
0000000116.bmp,20,0,2,0,0,0,1,0,1
0000000117.bmp,20,0,3,0,0,0,1,0,1
0000000118.bmp,20,0,4,0,0,0,1,0,1
0000000119.bmp,20,0,5,0,0,0,1,0,1
0000000120.bmp,20,0,6,0,0,0,1,0,1
0000000121.bmp,21,0,1,0,0,0,1,0,1
0000000122.bmp,21,0,2,0,0,0,1,0,1
0000000123.bmp,21,0,3,0,0,0,1,0,1
0000000124.bmp,21,0,4,0,0,0,1,0,1
0000000125.bmp,21,0,5,0,0,0,1,0,1
0000000126.bmp,21,0,6,0,0,0,1,0,1
0000000127.bmp,22,0,1,0,0,0,1,0,1
0000000128.bmp,22,0,2,0,0,0,1,0,1
0000000129.bmp,22,0,3,0,0,0,1,0,1
0000000130.bmp,22,0,4,0,0,0,1,0,1
0000000131.bmp,22,0,5,0,0,0,1,0,1
0000000132.bmp,22,0,6,0,0,0,1,0,1
0000000133.bmp,23,0,1,0,0,0,1,0,1
0000000134.bmp,23,0,2,0,0,0,1,0,1
0000000135.bmp,23,0,3,0,0,0,1,0,1
0000000136.bmp,23,0,4,0,0,0,1,0,1
0000000137.bmp,23,0,5,0,0,0,1,0,1
0000000138.bmp,23,0,6,0,0,0,1,0,1
0000000139.bmp,24,0,1,0,0,0,1,0,1
0000000140.bmp,24,0,2,0,0,0,1,0,1
0000000141.bmp,24,0,3,0,0,0,1,0,1
0000000142.bmp,24,0,4,0,0,0,1,0,1
0000000143.bmp,24,0,5,0,0,0,1,0,1
0000000144.bmp,24,0,6,0,0,0,1,0,1
0000000145.bmp,25,0,1,0,0,0,1,0,1
0000000146.bmp,25,0,2,0,0,0,1,0,1
0000000147.bmp,25,0,3,0,0,0,1,0,1
0000000148.bmp,25,0,4,0,0,0,1,0,1
0000000149.bmp,25,0,5,0,0,0,1,0,1
0000000150.bmp,25,0,6,0,0,0,1,0,1
0000000151.bmp,26,0,1,0,0,0,1,0,1
0000000152.bmp,26,0,2,0,0,0,1,0,1
0000000153.bmp,26,0,3,0,0,0,1,0,1
0000000154.bmp,26,0,4,0,0,0,1,0,1
0000000155.bmp,26,0,5,0,0,0,1,0,1
0000000156.bmp,26,0,6,0,0,0,1,0,1
0000000157.bmp,27,0,1,0,0,0,1,0,1
0000000158.bmp,27,0,2,0,0,0,1,0,1
0000000159.bmp,27,0,3,0,0,0,1,0,1
0000000160.bmp,27,0,4,0,0,0,1,0,1
0000000161.bmp,27,0,5,0,0,0,1,0,1
0000000162.bmp,27,0,6,0,0,0,1,0,1
0000000163.bmp,28,0,1,0,0,0,1,0,1
0000000164.bmp,28,0,2,0,0,0,1,0,1
0000000165.bmp,28,0,3,0,0,0,1,0,1
0000000166.bmp,28,0,4,0,0,0,1,0,1
0000000167.bmp,28,0,5,0,0,0,1,0,1
0000000168.bmp,28,0,6,0,0,0,1,0,1
0000000169.bmp,29,0,1,0,0,0,1,0,1
0000000170.bmp,29,0,2,0,0,0,1,0,1
0000000171.bmp,29,0,3,0,0,0,1,0,1
0000000172.bmp,29,0,4,0,0,0,1,0,1
0000000173.bmp,29,0,5,0,0,0,1,0,1
0000000174.bmp,29,0,6,0,0,0,1,0,1
0000000175.bmp,30,0,1,0,0,0,1,0,1
0000000176.bmp,30,0,2,0,0,0,1,0,1
0000000177.bmp,30,0,3,0,0,0,1,0,1
0000000178.bmp,30,0,4,0,0,0,1,0,1
0000000179.bmp,30,0,5,0,0,0,1,0,1
0000000180.bmp,30,0,6,0,0,0,1,0,1
0000000181.bmp,31,0,1,0,0,0,1,0,1
0000000182.bmp,31,0,2,0,0,0,1,0,1
0000000183.bmp,31,0,3,0,0,0,1,0,1
0000000184.bmp,31,0,4,0,0,0,1,0,1
0000000185.bmp,31,0,5,0,0,0,1,0,1
0000000186.bmp,31,0,6,0,0,0,1,0,1
0000000187.bmp,32,0,1,0,0,0,1,0,1
0000000188.bmp,32,0,2,0,0,0,1,0,1
0000000189.bmp,32,0,3,0,0,0,1,0,1
0000000190.bmp,32,0,4,0,0,0,1,0,1
0000000191.bmp,32,0,5,0,0,0,1,0,1
0000000192.bmp,32,0,6,0,0,0,1,0,1
0000000193.bmp,33,0,1,0,0,0,1,0,1
0000000194.bmp,33,0,2,0,0,0,1,0,1
0000000195.bmp,33,0,3,0,0,0,1,0,1
0000000196.bmp,33,0,4,0,0,0,1,0,1
0000000197.bmp,33,0,5,0,0,0,1,0,1
0000000198.bmp,33,0,6,0,0,0,1,0,1
0000000199.bmp,34,0,1,0,0,0,1,0,1
0000000200.bmp,34,0,2,0,0,0,1,0,1
0000000201.bmp,34,0,3,0,0,0,1,0,1
0000000202.bmp,34,0,4,0,0,0,1,0,1
0000000203.bmp,34,0,5,0,0,0,1,0,1
0000000204.bmp,34,0,6,0,0,0,1,0,1
0000000205.bmp,35,0,1,0,0,0,1,0,1
0000000206.bmp,35,0,2,0,0,0,1,0,1
0000000207.bmp,35,0,3,0,0,0,1,0,1
0000000208.bmp,35,0,4,0,0,0,1,0,1
0000000209.bmp,35,0,5,0,0,0,1,0,1
0000000210.bmp,35,0,6,0,0,0,1,0,1
0000000211.bmp,36,0,1,0,0,0,1,0,1
0000000212.bmp,36,0,2,0,0,0,1,0,1
0000000213.bmp,36,0,3,0,0,0,1,0,1
0000000214.bmp,36,0,4,0,0,0,1,0,1
0000000215.bmp,36,0,5,0,0,0,1,0,1
0000000216.bmp,36,0,6,0,0,0,1,0,1
0000000217.bmp,37,0,1,0,0,0,1,0,1
0000000218.bmp,37,0,2,0,0,0,1,0,1
0000000219.bmp,37,0,3,0,0,0,1,0,1
0000000220.bmp,37,0,4,0,0,0,1,0,1
0000000221.bmp,37,0,5,0,0,0,1,0,1
0000000222.bmp,37,0,6,0,0,0,1,0,1
0000000223.bmp,38,0,1,0,0,0,1,0,1
0000000224.bmp,38,0,2,0,0,0,1,0,1
0000000225.bmp,38,0,3,0,0,0,1,0,1
0000000226.bmp,38,0,4,0,0,0,1,0,1
0000000227.bmp,38,0,5,0,0,0,1,0,1
0000000228.bmp,38,0,6,0,0,0,1,0,1
0000000229.bmp,39,0,1,0,0,0,1,0,1
0000000230.bmp,39,0,2,0,0,0,1,0,1
0000000231.bmp,39,0,3,0,0,0,1,0,1
0000000232.bmp,39,0,4,0,0,0,1,0,1
0000000233.bmp,39,0,5,0,0,0,1,0,1
0000000234.bmp,39,0,6,0,0,0,1,0,1
0000000235.bmp,40,0,1,0,0,0,1,0,1
0000000236.bmp,40,0,2,0,0,0,1,0,1
0000000237.bmp,40,0,3,0,0,0,1,0,1
0000000238.bmp,40,0,4,0,0,0,1,0,1
0000000239.bmp,40,0,5,0,0,0,1,0,1
0000000240.bmp,40,0,6,0,0,0,1,0,1
0000000241.bmp,41,0,1,0,0,0,1,0,1
0000000242.bmp,41,0,2,0,0,0,1,0,1
0000000243.bmp,41,0,3,0,0,0,1,0,1
0000000244.bmp,41,0,4,0,0,0,1,0,1
0000000245.bmp,41,0,5,0,0,0,1,0,1
0000000246.bmp,41,0,6,0,0,0,1,0,1
0000000247.bmp,42,0,1,0,0,0,1,0,1
0000000248.bmp,42,0,2,0,0,0,1,0,1
0000000249.bmp,42,0,3,0,0,0,1,0,1
0000000250.bmp,42,0,4,0,0,0,1,0,1
0000000251.bmp,42,0,5,0,0,0,1,0,1
0000000252.bmp,42,0,6,0,0,0,1,0,1
0000000253.bmp,43,0,1,0,0,0,1,0,1
0000000254.bmp,43,0,2,0,0,0,1,0,1
0000000255.bmp,43,0,3,0,0,0,1,0,1
0000000256.bmp,43,0,4,0,0,0,1,0,1
0000000257.bmp,43,0,5,0,0,0,1,0,1
0000000258.bmp,43,0,6,0,0,0,1,0,1
0000000259.bmp,44,0,1,0,0,0,1,0,1
0000000260.bmp,44,0,2,0,0,0,1,0,1
0000000261.bmp,44,0,3,0,0,0,1,0,1
0000000262.bmp,44,0,4,0,0,0,1,0,1
0000000263.bmp,44,0,5,0,0,0,1,0,1
0000000264.bmp,44,0,6,0,0,0,1,0,1
0000000265.bmp,45,0,1,0,0,0,1,0,1
0000000266.bmp,45,0,2,0,0,0,1,0,1
0000000267.bmp,45,0,3,0,0,0,1,0,1
0000000268.bmp,45,0,4,0,0,0,1,0,1
0000000269.bmp,45,0,5,0,0,0,1,0,1
0000000270.bmp,45,0,6,0,0,0,1,0,1
0000000271.bmp,46,0,1,0,0,0,1,0,1
0000000272.bmp,46,0,2,0,0,0,1,0,1
0000000273.bmp,46,0,3,0,0,0,1,0,1
0000000274.bmp,46,0,4,0,0,0,1,0,1
0000000275.bmp,46,0,5,0,0,0,1,0,1
0000000276.bmp,46,0,6,0,0,0,1,0,1
0000000277.bmp,47,0,1,0,0,0,1,0,1
0000000278.bmp,47,0,2,0,0,0,1,0,1
0000000279.bmp,47,0,3,0,0,0,1,0,1
0000000280.bmp,47,0,4,0,0,0,1,0,1
0000000281.bmp,47,0,5,0,0,0,1,0,1
0000000282.bmp,47,0,6,0,0,0,1,0,1
0000000283.bmp,48,0,1,0,0,0,1,0,1
0000000284.bmp,48,0,2,0,0,0,1,0,1
0000000285.bmp,48,0,3,0,0,0,1,0,1
0000000286.bmp,48,0,4,0,0,0,1,0,1
0000000287.bmp,48,0,5,0,0,0,1,0,1
0000000288.bmp,48,0,6,0,0,0,1,0,1
0000000289.bmp,49,0,1,0,0,0,1,0,1
0000000290.bmp,49,0,2,0,0,0,1,0,1
0000000291.bmp,49,0,3,0,0,0,1,0,1
0000000292.bmp,49,0,4,0,0,0,1,0,1
0000000293.bmp,49,0,5,0,0,0,1,0,1
0000000294.bmp,49,0,6,0,0,0,1,0,1
0000000295.bmp,50,0,1,0,0,0,1,0,1
0000000296.bmp,50,0,2,0,0,0,1,0,1
0000000297.bmp,50,0,3,0,0,0,1,0,1
0000000298.bmp,50,0,4,0,0,0,1,0,1
0000000299.bmp,50,0,5,0,0,0,1,0,1
0000000300.bmp,50,0,6,0,0,0,1,0,1
0000000301.bmp,51,0,1,0,0,0,1,0,1
0000000302.bmp,51,0,2,0,0,0,1,0,1
0000000303.bmp,51,0,3,0,0,0,1,0,1
0000000304.bmp,51,0,4,0,0,0,1,0,1
0000000305.bmp,51,0,5,0,0,0,1,0,1
0000000306.bmp,51,0,6,0,0,0,1,0,1
0000000307.bmp,52,0,1,0,0,0,1,0,1
0000000308.bmp,52,0,2,0,0,0,1,0,1
0000000309.bmp,52,0,3,0,0,0,1,0,1
0000000310.bmp,52,0,4,0,0,0,1,0,1
0000000311.bmp,52,0,5,0,0,0,1,0,1
0000000312.bmp,52,0,6,0,0,0,1,0,1
0000000313.bmp,53,0,1,0,0,0,1,0,1
0000000314.bmp,53,0,2,0,0,0,1,0,1
0000000315.bmp,53,0,3,0,0,0,1,0,1
0000000316.bmp,53,0,4,0,0,0,1,0,1
0000000317.bmp,53,0,5,0,0,0,1,0,1
0000000318.bmp,53,0,6,0,0,0,1,0,1
0000000319.bmp,54,0,1,0,0,0,1,0,1
0000000320.bmp,54,0,2,0,0,0,1,0,1
0000000321.bmp,54,0,3,0,0,0,1,0,1
0000000322.bmp,54,0,4,0,0,0,1,0,1
0000000323.bmp,54,0,5,0,0,0,1,0,1
0000000324.bmp,54,0,6,0,0,0,1,0,1
0000000325.bmp,55,0,1,0,0,0,1,0,1
0000000326.bmp,55,0,2,0,0,0,1,0,1
0000000327.bmp,55,0,3,0,0,0,1,0,1
0000000328.bmp,55,0,4,0,0,0,1,0,1
0000000329.bmp,55,0,5,0,0,0,1,0,1
0000000330.bmp,55,0,6,0,0,0,1,0,1
0000000331.bmp,56,0,1,0,0,0,1,0,1
0000000332.bmp,56,0,2,0,0,0,1,0,1
0000000333.bmp,56,0,3,0,0,0,1,0,1
0000000334.bmp,56,0,4,0,0,0,1,0,1
0000000335.bmp,56,0,5,0,0,0,1,0,1
0000000336.bmp,56,0,6,0,0,0,1,0,1
0000000337.bmp,57,0,1,0,0,0,1,0,1
0000000338.bmp,57,0,2,0,0,0,1,0,1
0000000339.bmp,57,0,3,0,0,0,1,0,1
0000000340.bmp,57,0,4,0,0,0,1,0,1
0000000341.bmp,57,0,5,0,0,0,1,0,1
0000000342.bmp,57,0,6,0,0,0,1,0,1
0000000343.bmp,58,0,1,0,0,0,1,0,1
0000000344.bmp,58,0,2,0,0,0,1,0,1
0000000345.bmp,58,0,3,0,0,0,1,0,1
0000000346.bmp,58,0,4,0,0,0,1,0,1
0000000347.bmp,58,0,5,0,0,0,1,0,1
0000000348.bmp,58,0,6,0,0,0,1,0,1
0000000349.bmp,59,0,1,0,0,0,1,0,1
0000000350.bmp,59,0,2,0,0,0,1,0,1
0000000351.bmp,59,0,3,0,0,0,1,0,1
0000000352.bmp,59,0,4,0,0,0,1,0,1
0000000353.bmp,59,0,5,0,0,0,1,0,1
0000000354.bmp,59,0,6,0,0,0,1,0,1
0000000355.bmp,60,0,1,0,0,0,1,0,1
0000000356.bmp,60,0,2,0,0,0,1,0,1
0000000357.bmp,60,0,3,0,0,0,1,0,1
0000000358.bmp,60,0,4,0,0,0,1,0,1
0000000359.bmp,60,0,5,0,0,0,1,0,1
0000000360.bmp,60,0,6,0,0,0,1,0,1
0000000361.bmp,61,0,1,0,0,0,1,0,1
0000000362.bmp,61,0,2,0,0,0,1,0,1
0000000363.bmp,61,0,3,0,0,0,1,0,1
0000000364.bmp,61,0,4,0,0,0,1,0,1
0000000365.bmp,61,0,5,0,0,0,1,0,1
0000000366.bmp,61,0,6,0,0,0,1,0,1
0000000367.bmp,62,0,1,0,0,0,1,0,1
0000000368.bmp,62,0,2,0,0,0,1,0,1
0000000369.bmp,62,0,3,0,0,0,1,0,1
0000000370.bmp,62,0,4,0,0,0,1,0,1
0000000371.bmp,62,0,5,0,0,0,1,0,1
0000000372.bmp,62,0,6,0,0,0,1,0,1
0000000373.bmp,63,0,1,0,0,0,1,0,1
0000000374.bmp,63,0,2,0,0,0,1,0,1
0000000375.bmp,63,0,3,0,0,0,1,0,1
0000000376.bmp,63,0,4,0,0,0,1,0,1
0000000377.bmp,63,0,5,0,0,0,1,0,1
0000000378.bmp,63,0,6,0,0,0,1,0,1
0000000379.bmp,64,0,1,0,0,0,1,0,1
0000000380.bmp,64,0,2,0,0,0,1,0,1
0000000381.bmp,64,0,3,0,0,0,1,0,1
0000000382.bmp,64,0,4,0,0,0,1,0,1
0000000383.bmp,64,0,5,0,0,0,1,0,1
0000000384.bmp,64,0,6,0,0,0,1,0,1
0000000385.bmp,65,0,1,0,0,0,1,0,1
0000000386.bmp,65,0,2,0,0,0,1,0,1
0000000387.bmp,65,0,3,0,0,0,1,0,1
0000000388.bmp,65,0,4,0,0,0,1,0,1
0000000389.bmp,65,0,5,0,0,0,1,0,1
0000000390.bmp,65,0,6,0,0,0,1,0,1
0000000391.bmp,66,0,1,0,0,0,1,0,1
0000000392.bmp,66,0,2,0,0,0,1,0,1
0000000393.bmp,66,0,3,0,0,0,1,0,1
0000000394.bmp,66,0,4,0,0,0,1,0,1
0000000395.bmp,66,0,5,0,0,0,1,0,1
0000000396.bmp,66,0,6,0,0,0,1,0,1
0000000397.bmp,67,0,1,0,0,0,1,0,1
0000000398.bmp,67,0,2,0,0,0,1,0,1
0000000399.bmp,67,0,3,0,0,0,1,0,1
0000000400.bmp,67,0,4,0,0,0,1,0,1
0000000401.bmp,67,0,5,0,0,0,1,0,1
0000000402.bmp,67,0,6,0,0,0,1,0,1
0000000403.bmp,68,0,1,0,0,0,1,0,1
0000000404.bmp,68,0,2,0,0,0,1,0,1
0000000405.bmp,68,0,3,0,0,0,1,0,1
0000000406.bmp,68,0,4,0,0,0,1,0,1
0000000407.bmp,68,0,5,0,0,0,1,0,1
0000000408.bmp,68,0,6,0,0,0,1,0,1
0000000409.bmp,69,0,1,0,0,0,1,0,1
0000000410.bmp,69,0,2,0,0,0,1,0,1
0000000411.bmp,69,0,3,0,0,0,1,0,1
0000000412.bmp,69,0,4,0,0,0,1,0,1
0000000413.bmp,69,0,5,0,0,0,1,0,1
0000000414.bmp,69,0,6,0,0,0,1,0,1
0000000415.bmp,70,0,1,0,0,0,1,0,1
0000000416.bmp,70,0,2,0,0,0,1,0,1
0000000417.bmp,70,0,3,0,0,0,1,0,1
0000000418.bmp,70,0,4,0,0,0,1,0,1
0000000419.bmp,70,0,5,0,0,0,1,0,1
0000000420.bmp,70,0,6,0,0,0,1,0,1
0000000421.bmp,71,0,1,0,0,0,1,0,1
0000000422.bmp,71,0,2,0,0,0,1,0,1
0000000423.bmp,71,0,3,0,0,0,1,0,1
0000000424.bmp,71,0,4,0,0,0,1,0,1
0000000425.bmp,71,0,5,0,0,0,1,0,1
0000000426.bmp,71,0,6,0,0,0,1,0,1
0000000427.bmp,72,0,1,0,0,0,1,0,1
0000000428.bmp,72,0,2,0,0,0,1,0,1
0000000429.bmp,72,0,3,0,0,0,1,0,1
0000000430.bmp,72,0,4,0,0,0,1,0,1
0000000431.bmp,72,0,5,0,0,0,1,0,1
0000000432.bmp,72,0,6,0,0,0,1,0,1
0000000433.bmp,73,0,1,0,0,0,1,0,1
0000000434.bmp,73,0,2,0,0,0,1,0,1
0000000435.bmp,73,0,3,0,0,0,1,0,1
0000000436.bmp,73,0,4,0,0,0,1,0,1
0000000437.bmp,73,0,5,0,0,0,1,0,1
0000000438.bmp,73,0,6,0,0,0,1,0,1
0000000439.bmp,74,0,1,0,0,0,1,0,1
0000000440.bmp,74,0,2,0,0,0,1,0,1
0000000441.bmp,74,0,3,0,0,0,1,0,1
0000000442.bmp,74,0,4,0,0,0,1,0,1
0000000443.bmp,74,0,5,0,0,0,1,0,1
0000000444.bmp,74,0,6,0,0,0,1,0,1
0000000445.bmp,75,0,1,0,0,0,1,0,1
0000000446.bmp,75,0,2,0,0,0,1,0,1
0000000447.bmp,75,0,3,0,0,0,1,0,1
0000000448.bmp,75,0,4,0,0,0,1,0,1
0000000449.bmp,75,0,5,0,0,0,1,0,1
0000000450.bmp,75,0,6,0,0,0,1,0,1
0000000451.bmp,76,0,1,0,0,0,1,0,1
0000000452.bmp,76,0,2,0,0,0,1,0,1
0000000453.bmp,76,0,3,0,0,0,1,0,1
0000000454.bmp,76,0,4,0,0,0,1,0,1
0000000455.bmp,76,0,5,0,0,0,1,0,1
0000000456.bmp,76,0,6,0,0,0,1,0,1
0000000457.bmp,77,0,1,0,0,0,1,0,1
0000000458.bmp,77,0,2,0,0,0,1,0,1
0000000459.bmp,77,0,3,0,0,0,1,0,1
0000000460.bmp,77,0,4,0,0,0,1,0,1
0000000461.bmp,77,0,5,0,0,0,1,0,1
0000000462.bmp,77,0,6,0,0,0,1,0,1
0000000463.bmp,78,0,1,0,0,0,1,0,1
0000000464.bmp,78,0,2,0,0,0,1,0,1
0000000465.bmp,78,0,3,0,0,0,1,0,1
0000000466.bmp,78,0,4,0,0,0,1,0,1
0000000467.bmp,78,0,5,0,0,0,1,0,1
0000000468.bmp,78,0,6,0,0,0,1,0,1
0000000469.bmp,79,0,1,0,0,0,1,0,1
0000000470.bmp,79,0,2,0,0,0,1,0,1
0000000471.bmp,79,0,3,0,0,0,1,0,1
0000000472.bmp,79,0,4,0,0,0,1,0,1
0000000473.bmp,79,0,5,0,0,0,1,0,1
0000000474.bmp,79,0,6,0,0,0,1,0,1
0000000475.bmp,80,0,1,0,0,0,1,0,1
0000000476.bmp,80,0,2,0,0,0,1,0,1
0000000477.bmp,80,0,3,0,0,0,1,0,1
0000000478.bmp,80,0,4,0,0,0,1,0,1
0000000479.bmp,80,0,5,0,0,0,1,0,1
0000000480.bmp,80,0,6,0,0,0,1,0,1
0000000481.bmp,81,0,1,0,0,0,1,0,1
0000000482.bmp,81,0,2,0,0,0,1,0,1
0000000483.bmp,81,0,3,0,0,0,1,0,1
0000000484.bmp,81,0,4,0,0,0,1,0,1
0000000485.bmp,81,0,5,0,0,0,1,0,1
0000000486.bmp,81,0,6,0,0,0,1,0,1
0000000487.bmp,82,0,1,0,0,0,1,0,1
0000000488.bmp,82,0,2,0,0,0,1,0,1
0000000489.bmp,82,0,3,0,0,0,1,0,1
0000000490.bmp,82,0,4,0,0,0,1,0,1
0000000491.bmp,82,0,5,0,0,0,1,0,1
0000000492.bmp,82,0,6,0,0,0,1,0,1
0000000493.bmp,83,0,1,0,0,0,1,0,1
0000000494.bmp,83,0,2,0,0,0,1,0,1
0000000495.bmp,83,0,3,0,0,0,1,0,1
0000000496.bmp,83,0,4,0,0,0,1,0,1
0000000497.bmp,83,0,5,0,0,0,1,0,1
0000000498.bmp,83,0,6,0,0,0,1,0,1
0000000499.bmp,84,0,1,0,0,0,1,0,1
0000000500.bmp,84,0,2,0,0,0,1,0,1
0000000501.bmp,84,0,3,0,0,0,1,0,1
0000000502.bmp,84,0,4,0,0,0,1,0,1
0000000503.bmp,84,0,5,0,0,0,1,0,1
0000000504.bmp,84,0,6,0,0,0,1,0,1
0000000505.bmp,85,0,1,0,0,0,1,0,1
0000000506.bmp,85,0,2,0,0,0,1,0,1
0000000507.bmp,85,0,3,0,0,0,1,0,1
0000000508.bmp,85,0,4,0,0,0,1,0,1
0000000509.bmp,85,0,5,0,0,0,1,0,1
0000000510.bmp,85,0,6,0,0,0,1,0,1
0000000511.bmp,86,0,1,0,0,0,1,0,1
0000000512.bmp,86,0,2,0,0,0,1,0,1
0000000513.bmp,86,0,3,0,0,0,1,0,1
0000000514.bmp,86,0,4,0,0,0,1,0,1
0000000515.bmp,86,0,5,0,0,0,1,0,1
0000000516.bmp,86,0,6,0,0,0,1,0,1
0000000517.bmp,87,0,1,0,0,0,1,0,1
0000000518.bmp,87,0,2,0,0,0,1,0,1
0000000519.bmp,87,0,3,0,0,0,1,0,1
0000000520.bmp,87,0,4,0,0,0,1,0,1
0000000521.bmp,87,0,5,0,0,0,1,0,1
0000000522.bmp,87,0,6,0,0,0,1,0,1
0000000523.bmp,88,0,1,0,0,0,1,0,1
0000000524.bmp,88,0,2,0,0,0,1,0,1
0000000525.bmp,88,0,3,0,0,0,1,0,1
0000000526.bmp,88,0,4,0,0,0,1,0,1
0000000527.bmp,88,0,5,0,0,0,1,0,1
0000000528.bmp,88,0,6,0,0,0,1,0,1
0000000529.bmp,89,0,1,0,0,0,1,0,1
0000000530.bmp,89,0,2,0,0,0,1,0,1
0000000531.bmp,89,0,3,0,0,0,1,0,1
0000000532.bmp,89,0,4,0,0,0,1,0,1
0000000533.bmp,89,0,5,0,0,0,1,0,1
0000000534.bmp,89,0,6,0,0,0,1,0,1
0000000535.bmp,90,0,1,0,0,0,1,0,1
0000000536.bmp,90,0,2,0,0,0,1,0,1
0000000537.bmp,90,0,3,0,0,0,1,0,1
0000000538.bmp,90,0,4,0,0,0,1,0,1
0000000539.bmp,90,0,5,0,0,0,1,0,1
0000000540.bmp,90,0,6,0,0,0,1,0,1
0000000541.bmp,91,0,1,0,0,0,1,0,1
0000000542.bmp,91,0,2,0,0,0,1,0,1
0000000543.bmp,91,0,3,0,0,0,1,0,1
0000000544.bmp,91,0,4,0,0,0,1,0,1
0000000545.bmp,91,0,5,0,0,0,1,0,1
0000000546.bmp,91,0,6,0,0,0,1,0,1
0000000547.bmp,92,0,1,0,0,0,1,0,1
0000000548.bmp,92,0,2,0,0,0,1,0,1
0000000549.bmp,92,0,3,0,0,0,1,0,1
0000000550.bmp,92,0,4,0,0,0,1,0,1
0000000551.bmp,92,0,5,0,0,0,1,0,1
0000000552.bmp,92,0,6,0,0,0,1,0,1
0000000553.bmp,93,0,1,0,0,0,1,0,1
0000000554.bmp,93,0,2,0,0,0,1,0,1
0000000555.bmp,93,0,3,0,0,0,1,0,1
0000000556.bmp,93,0,4,0,0,0,1,0,1
0000000557.bmp,93,0,5,0,0,0,1,0,1
0000000558.bmp,93,0,6,0,0,0,1,0,1
0000000559.bmp,94,0,1,0,0,0,1,0,1
0000000560.bmp,94,0,2,0,0,0,1,0,1
0000000561.bmp,94,0,3,0,0,0,1,0,1
0000000562.bmp,94,0,4,0,0,0,1,0,1
0000000563.bmp,94,0,5,0,0,0,1,0,1
0000000564.bmp,94,0,6,0,0,0,1,0,1
0000000565.bmp,95,0,1,0,0,0,1,0,1
0000000566.bmp,95,0,2,0,0,0,1,0,1
0000000567.bmp,95,0,3,0,0,0,1,0,1
0000000568.bmp,95,0,4,0,0,0,1,0,1
0000000569.bmp,95,0,5,0,0,0,1,0,1
0000000570.bmp,95,0,6,0,0,0,1,0,1
0000000571.bmp,96,0,1,0,0,0,1,0,1
0000000572.bmp,96,0,2,0,0,0,1,0,1
0000000573.bmp,96,0,3,0,0,0,1,0,1
0000000574.bmp,96,0,4,0,0,0,1,0,1
0000000575.bmp,96,0,5,0,0,0,1,0,1
0000000576.bmp,96,0,6,0,0,0,1,0,1
0000000577.bmp,97,0,1,0,0,0,1,0,1
0000000578.bmp,97,0,2,0,0,0,1,0,1
0000000579.bmp,97,0,3,0,0,0,1,0,1
0000000580.bmp,97,0,4,0,0,0,1,0,1
0000000581.bmp,97,0,5,0,0,0,1,0,1
0000000582.bmp,97,0,6,0,0,0,1,0,1
0000000583.bmp,98,0,1,0,0,0,1,0,1
0000000584.bmp,98,0,2,0,0,0,1,0,1
0000000585.bmp,98,0,3,0,0,0,1,0,1
0000000586.bmp,98,0,4,0,0,0,1,0,1
0000000587.bmp,98,0,5,0,0,0,1,0,1
0000000588.bmp,98,0,6,0,0,0,1,0,1
0000000589.bmp,99,0,1,0,0,0,1,0,1
0000000590.bmp,99,0,2,0,0,0,1,0,1
0000000591.bmp,99,0,3,0,0,0,1,0,1
0000000592.bmp,99,0,4,0,0,0,1,0,1
0000000593.bmp,99,0,5,0,0,0,1,0,1
0000000594.bmp,99,0,6,0,0,0,1,0,1
0000000595.bmp,100,0,1,0,0,0,1,0,1
0000000596.bmp,100,0,2,0,0,0,1,0,1
0000000597.bmp,100,0,3,0,0,0,1,0,1
0000000598.bmp,100,0,4,0,0,0,1,0,1
0000000599.bmp,100,0,5,0,0,0,1,0,1
0000000600.bmp,100,0,6,0,0,0,1,0,1
0000000601.bmp,101,0,1,0,0,0,1,0,1
0000000602.bmp,101,0,2,0,0,0,1,0,1
0000000603.bmp,101,0,3,0,0,0,1,0,1
0000000604.bmp,101,0,4,0,0,0,1,0,1
0000000605.bmp,101,0,5,0,0,0,1,0,1
0000000606.bmp,101,0,6,0,0,0,1,0,1
0000000607.bmp,102,0,1,0,0,0,1,0,1
0000000608.bmp,102,0,2,0,0,0,1,0,1
0000000609.bmp,102,0,3,0,0,0,1,0,1
0000000610.bmp,102,0,4,0,0,0,1,0,1
0000000611.bmp,102,0,5,0,0,0,1,0,1
0000000612.bmp,102,0,6,0,0,0,1,0,1
0000000613.bmp,103,0,1,0,0,0,1,0,1
0000000614.bmp,103,0,2,0,0,0,1,0,1
0000000615.bmp,103,0,3,0,0,0,1,0,1
0000000616.bmp,103,0,4,0,0,0,1,0,1
0000000617.bmp,103,0,5,0,0,0,1,0,1
0000000618.bmp,103,0,6,0,0,0,1,0,1
0000000619.bmp,104,0,1,0,0,0,1,0,1
0000000620.bmp,104,0,2,0,0,0,1,0,1
0000000621.bmp,104,0,3,0,0,0,1,0,1
0000000622.bmp,104,0,4,0,0,0,1,0,1
0000000623.bmp,104,0,5,0,0,0,1,0,1
0000000624.bmp,104,0,6,0,0,0,1,0,1
0000000625.bmp,105,0,1,0,0,0,1,0,1
0000000626.bmp,105,0,2,0,0,0,1,0,1
0000000627.bmp,105,0,3,0,0,0,1,0,1
0000000628.bmp,105,0,4,0,0,0,1,0,1
0000000629.bmp,105,0,5,0,0,0,1,0,1
0000000630.bmp,105,0,6,0,0,0,1,0,1
0000000631.bmp,106,0,1,0,0,0,1,0,1
0000000632.bmp,106,0,2,0,0,0,1,0,1
0000000633.bmp,106,0,3,0,0,0,1,0,1
0000000634.bmp,106,0,4,0,0,0,1,0,1
0000000635.bmp,106,0,5,0,0,0,1,0,1
0000000636.bmp,106,0,6,0,0,0,1,0,1
0000000637.bmp,107,0,1,0,0,0,1,0,1
0000000638.bmp,107,0,2,0,0,0,1,0,1
0000000639.bmp,107,0,3,0,0,0,1,0,1
0000000640.bmp,107,0,4,0,0,0,1,0,1
0000000641.bmp,107,0,5,0,0,0,1,0,1
0000000642.bmp,107,0,6,0,0,0,1,0,1
0000000643.bmp,108,0,1,0,0,0,1,0,1
0000000644.bmp,108,0,2,0,0,0,1,0,1
0000000645.bmp,108,0,3,0,0,0,1,0,1
0000000646.bmp,108,0,4,0,0,0,1,0,1
0000000647.bmp,108,0,5,0,0,0,1,0,1
0000000648.bmp,108,0,6,0,0,0,1,0,1
0000000649.bmp,109,0,1,0,0,0,1,0,1
0000000650.bmp,109,0,2,0,0,0,1,0,1
0000000651.bmp,109,0,3,0,0,0,1,0,1
0000000652.bmp,109,0,4,0,0,0,1,0,1
0000000653.bmp,109,0,5,0,0,0,1,0,1
0000000654.bmp,109,0,6,0,0,0,1,0,1
0000000655.bmp,110,0,1,0,0,0,1,0,1
0000000656.bmp,110,0,2,0,0,0,1,0,1
0000000657.bmp,110,0,3,0,0,0,1,0,1
0000000658.bmp,110,0,4,0,0,0,1,0,1
0000000659.bmp,110,0,5,0,0,0,1,0,1
0000000660.bmp,110,0,6,0,0,0,1,0,1
0000000661.bmp,111,0,1,0,0,0,1,0,1
0000000662.bmp,111,0,2,0,0,0,1,0,1
0000000663.bmp,111,0,3,0,0,0,1,0,1
0000000664.bmp,111,0,4,0,0,0,1,0,1
0000000665.bmp,111,0,5,0,0,0,1,0,1
0000000666.bmp,111,0,6,0,0,0,1,0,1
0000000667.bmp,112,0,1,0,0,0,1,0,1
0000000668.bmp,112,0,2,0,0,0,1,0,1
0000000669.bmp,112,0,3,0,0,0,1,0,1
0000000670.bmp,112,0,4,0,0,0,1,0,1
0000000671.bmp,112,0,5,0,0,0,1,0,1
0000000672.bmp,112,0,6,0,0,0,1,0,1
0000000673.bmp,113,0,1,0,0,0,1,0,1
0000000674.bmp,113,0,2,0,0,0,1,0,1
0000000675.bmp,113,0,3,0,0,0,1,0,1
0000000676.bmp,113,0,4,0,0,0,1,0,1
0000000677.bmp,113,0,5,0,0,0,1,0,1
0000000678.bmp,113,0,6,0,0,0,1,0,1
0000000679.bmp,114,0,1,0,0,0,1,0,1
0000000680.bmp,114,0,2,0,0,0,1,0,1
0000000681.bmp,114,0,3,0,0,0,1,0,1
0000000682.bmp,114,0,4,0,0,0,1,0,1
0000000683.bmp,114,0,5,0,0,0,1,0,1
0000000684.bmp,114,0,6,0,0,0,1,0,1
0000000685.bmp,115,0,1,0,0,0,1,0,1
0000000686.bmp,115,0,2,0,0,0,1,0,1
0000000687.bmp,115,0,3,0,0,0,1,0,1
0000000688.bmp,115,0,4,0,0,0,1,0,1
0000000689.bmp,115,0,5,0,0,0,1,0,1
0000000690.bmp,115,0,6,0,0,0,1,0,1
0000000691.bmp,116,0,1,0,0,0,1,0,1
0000000692.bmp,116,0,2,0,0,0,1,0,1
0000000693.bmp,116,0,3,0,0,0,1,0,1
0000000694.bmp,116,0,4,0,0,0,1,0,1
0000000695.bmp,116,0,5,0,0,0,1,0,1
0000000696.bmp,116,0,6,0,0,0,1,0,1
0000000697.bmp,117,0,1,0,0,0,1,0,1
0000000698.bmp,117,0,2,0,0,0,1,0,1
0000000699.bmp,117,0,3,0,0,0,1,0,1
0000000700.bmp,117,0,4,0,0,0,1,0,1
0000000701.bmp,117,0,5,0,0,0,1,0,1
0000000702.bmp,117,0,6,0,0,0,1,0,1
0000000703.bmp,118,0,1,0,0,0,1,0,1
0000000704.bmp,118,0,2,0,0,0,1,0,1
0000000705.bmp,118,0,3,0,0,0,1,0,1
0000000706.bmp,118,0,4,0,0,0,1,0,1
0000000707.bmp,118,0,5,0,0,0,1,0,1
0000000708.bmp,118,0,6,0,0,0,1,0,1
0000000709.bmp,119,0,1,0,0,0,1,0,1
0000000710.bmp,119,0,2,0,0,0,1,0,1
0000000711.bmp,119,0,3,0,0,0,1,0,1
0000000712.bmp,119,0,4,0,0,0,1,0,1
0000000713.bmp,119,0,5,0,0,0,1,0,1
0000000714.bmp,119,0,6,0,0,0,1,0,1
0000000715.bmp,120,0,1,0,0,0,1,0,1
0000000716.bmp,120,0,2,0,0,0,1,0,1
0000000717.bmp,120,0,3,0,0,0,1,0,1
0000000718.bmp,120,0,4,0,0,0,1,0,1
0000000719.bmp,120,0,5,0,0,0,1,0,1
0000000720.bmp,120,0,6,0,0,0,1,0,1
0000000721.bmp,121,0,1,0,0,0,1,0,1
0000000722.bmp,121,0,2,0,0,0,1,0,1
0000000723.bmp,121,0,3,0,0,0,1,0,1
0000000724.bmp,121,0,4,0,0,0,1,0,1
0000000725.bmp,121,0,5,0,0,0,1,0,1
0000000726.bmp,121,0,6,0,0,0,1,0,1
0000000727.bmp,122,0,1,0,0,0,1,0,1
0000000728.bmp,122,0,2,0,0,0,1,0,1
0000000729.bmp,122,0,3,0,0,0,1,0,1
0000000730.bmp,122,0,4,0,0,0,1,0,1
0000000731.bmp,122,0,5,0,0,0,1,0,1
0000000732.bmp,122,0,6,0,0,0,1,0,1
0000000733.bmp,123,0,1,0,0,0,1,0,1
0000000734.bmp,123,0,2,0,0,0,1,0,1
0000000735.bmp,123,0,3,0,0,0,1,0,1
0000000736.bmp,123,0,4,0,0,0,1,0,1
0000000737.bmp,123,0,5,0,0,0,1,0,1
0000000738.bmp,123,0,6,0,0,0,1,0,1
0000000739.bmp,124,0,1,0,0,0,1,0,1
0000000740.bmp,124,0,2,0,0,0,1,0,1
0000000741.bmp,124,0,3,0,0,0,1,0,1
0000000742.bmp,124,0,4,0,0,0,1,0,1
0000000743.bmp,124,0,5,0,0,0,1,0,1
0000000744.bmp,124,0,6,0,0,0,1,0,1
0000000745.bmp,125,0,1,0,0,0,1,0,1
0000000746.bmp,125,0,2,0,0,0,1,0,1
0000000747.bmp,125,0,3,0,0,0,1,0,1
0000000748.bmp,125,0,4,0,0,0,1,0,1
0000000749.bmp,125,0,5,0,0,0,1,0,1
0000000750.bmp,125,0,6,0,0,0,1,0,1
0000000751.bmp,126,0,1,0,0,0,1,0,1
0000000752.bmp,126,0,2,0,0,0,1,0,1
0000000753.bmp,126,0,3,0,0,0,1,0,1
0000000754.bmp,126,0,4,0,0,0,1,0,1
0000000755.bmp,126,0,5,0,0,0,1,0,1
0000000756.bmp,126,0,6,0,0,0,1,0,1
0000000757.bmp,127,0,1,0,0,0,1,0,1
0000000758.bmp,127,0,2,0,0,0,1,0,1
0000000759.bmp,127,0,3,0,0,0,1,0,1
0000000760.bmp,127,0,4,0,0,0,1,0,1
0000000761.bmp,127,0,5,0,0,0,1,0,1
0000000762.bmp,127,0,6,0,0,0,1,0,1
0000000763.bmp,128,0,1,0,0,0,1,0,1
0000000764.bmp,128,0,2,0,0,0,1,0,1
0000000765.bmp,128,0,3,0,0,0,1,0,1
0000000766.bmp,128,0,4,0,0,0,1,0,1
0000000767.bmp,128,0,5,0,0,0,1,0,1
0000000768.bmp,128,0,6,0,0,0,1,0,1
0000000769.bmp,129,0,1,0,0,0,1,0,1
0000000770.bmp,129,0,2,0,0,0,1,0,1
0000000771.bmp,129,0,3,0,0,0,1,0,1
0000000772.bmp,129,0,4,0,0,0,1,0,1
0000000773.bmp,129,0,5,0,0,0,1,0,1
0000000774.bmp,129,0,6,0,0,0,1,0,1
0000000775.bmp,130,0,1,0,0,0,1,0,1
0000000776.bmp,130,0,2,0,0,0,1,0,1
0000000777.bmp,130,0,3,0,0,0,1,0,1
0000000778.bmp,130,0,4,0,0,0,1,0,1
0000000779.bmp,130,0,5,0,0,0,1,0,1
0000000780.bmp,130,0,6,0,0,0,1,0,1
0000000781.bmp,131,0,1,0,0,0,1,0,1
0000000782.bmp,131,0,2,0,0,0,1,0,1
0000000783.bmp,131,0,3,0,0,0,1,0,1
0000000784.bmp,131,0,4,0,0,0,1,0,1
0000000785.bmp,131,0,5,0,0,0,1,0,1
0000000786.bmp,131,0,6,0,0,0,1,0,1
0000000787.bmp,132,0,1,0,0,0,1,0,1
0000000788.bmp,132,0,2,0,0,0,1,0,1
0000000789.bmp,132,0,3,0,0,0,1,0,1
0000000790.bmp,132,0,4,0,0,0,1,0,1
0000000791.bmp,132,0,5,0,0,0,1,0,1
0000000792.bmp,132,0,6,0,0,0,1,0,1
0000000793.bmp,133,0,1,0,0,0,1,0,1
0000000794.bmp,133,0,2,0,0,0,1,0,1
0000000795.bmp,133,0,3,0,0,0,1,0,1
0000000796.bmp,133,0,4,0,0,0,1,0,1
0000000797.bmp,133,0,5,0,0,0,1,0,1
0000000798.bmp,133,0,6,0,0,0,1,0,1
0000000799.bmp,134,0,1,0,0,0,1,0,1
0000000800.bmp,134,0,2,0,0,0,1,0,1
0000000801.bmp,134,0,3,0,0,0,1,0,1
0000000802.bmp,134,0,4,0,0,0,1,0,1
0000000803.bmp,134,0,5,0,0,0,1,0,1
0000000804.bmp,134,0,6,0,0,0,1,0,1
0000000805.bmp,135,0,1,0,0,0,1,0,1
0000000806.bmp,135,0,2,0,0,0,1,0,1
0000000807.bmp,135,0,3,0,0,0,1,0,1
0000000808.bmp,135,0,4,0,0,0,1,0,1
0000000809.bmp,135,0,5,0,0,0,1,0,1
0000000810.bmp,135,0,6,0,0,0,1,0,1
0000000811.bmp,136,0,1,0,0,0,1,0,1
0000000812.bmp,136,0,2,0,0,0,1,0,1
0000000813.bmp,136,0,3,0,0,0,1,0,1
0000000814.bmp,136,0,4,0,0,0,1,0,1
0000000815.bmp,136,0,5,0,0,0,1,0,1
0000000816.bmp,136,0,6,0,0,0,1,0,1
0000000817.bmp,137,0,1,0,0,0,1,0,1
0000000818.bmp,137,0,2,0,0,0,1,0,1
0000000819.bmp,137,0,3,0,0,0,1,0,1
0000000820.bmp,137,0,4,0,0,0,1,0,1
0000000821.bmp,137,0,5,0,0,0,1,0,1
0000000822.bmp,137,0,6,0,0,0,1,0,1
0000000823.bmp,138,0,1,0,0,0,1,0,1
0000000824.bmp,138,0,2,0,0,0,1,0,1
0000000825.bmp,138,0,3,0,0,0,1,0,1
0000000826.bmp,138,0,4,0,0,0,1,0,1
0000000827.bmp,138,0,5,0,0,0,1,0,1
0000000828.bmp,138,0,6,0,0,0,1,0,1
0000000829.bmp,139,0,1,0,0,0,1,0,1
0000000830.bmp,139,0,2,0,0,0,1,0,1
0000000831.bmp,139,0,3,0,0,0,1,0,1
0000000832.bmp,139,0,4,0,0,0,1,0,1
0000000833.bmp,139,0,5,0,0,0,1,0,1
0000000834.bmp,139,0,6,0,0,0,1,0,1
0000000835.bmp,140,0,1,0,0,0,1,0,1
0000000836.bmp,140,0,2,0,0,0,1,0,1
0000000837.bmp,140,0,3,0,0,0,1,0,1
0000000838.bmp,140,0,4,0,0,0,1,0,1
0000000839.bmp,140,0,5,0,0,0,1,0,1
0000000840.bmp,140,0,6,0,0,0,1,0,1
0000000841.bmp,141,0,1,0,0,0,1,0,1
0000000842.bmp,141,0,2,0,0,0,1,0,1
0000000843.bmp,141,0,3,0,0,0,1,0,1
0000000844.bmp,141,0,4,0,0,0,1,0,1
0000000845.bmp,141,0,5,0,0,0,1,0,1
0000000846.bmp,141,0,6,0,0,0,1,0,1
0000000847.bmp,142,0,1,0,0,0,1,0,1
0000000848.bmp,142,0,2,0,0,0,1,0,1
0000000849.bmp,142,0,3,0,0,0,1,0,1
0000000850.bmp,142,0,4,0,0,0,1,0,1
0000000851.bmp,142,0,5,0,0,0,1,0,1
0000000852.bmp,142,0,6,0,0,0,1,0,1
0000000853.bmp,143,0,1,0,0,0,1,0,1
0000000854.bmp,143,0,2,0,0,0,1,0,1
0000000855.bmp,143,0,3,0,0,0,1,0,1
0000000856.bmp,143,0,4,0,0,0,1,0,1
0000000857.bmp,143,0,5,0,0,0,1,0,1
0000000858.bmp,143,0,6,0,0,0,1,0,1
0000000859.bmp,144,0,1,0,0,0,1,0,1
0000000860.bmp,144,0,2,0,0,0,1,0,1
0000000861.bmp,144,0,3,0,0,0,1,0,1
0000000862.bmp,144,0,4,0,0,0,1,0,1
0000000863.bmp,144,0,5,0,0,0,1,0,1
0000000864.bmp,144,0,6,0,0,0,1,0,1
0000000865.bmp,145,0,1,0,0,0,1,0,1
0000000866.bmp,145,0,2,0,0,0,1,0,1
0000000867.bmp,145,0,3,0,0,0,1,0,1
0000000868.bmp,145,0,4,0,0,0,1,0,1
0000000869.bmp,145,0,5,0,0,0,1,0,1
0000000870.bmp,145,0,6,0,0,0,1,0,1
0000000871.bmp,146,0,1,0,0,0,1,0,1
0000000872.bmp,146,0,2,0,0,0,1,0,1
0000000873.bmp,146,0,3,0,0,0,1,0,1
0000000874.bmp,146,0,4,0,0,0,1,0,1
0000000875.bmp,146,0,5,0,0,0,1,0,1
0000000876.bmp,146,0,6,0,0,0,1,0,1
0000000877.bmp,147,0,1,0,0,0,1,0,1
0000000878.bmp,147,0,2,0,0,0,1,0,1
0000000879.bmp,147,0,3,0,0,0,1,0,1
0000000880.bmp,147,0,4,0,0,0,1,0,1
0000000881.bmp,147,0,5,0,0,0,1,0,1
0000000882.bmp,147,0,6,0,0,0,1,0,1
0000000883.bmp,148,0,1,0,0,0,1,0,1
0000000884.bmp,148,0,2,0,0,0,1,0,1
0000000885.bmp,148,0,3,0,0,0,1,0,1
0000000886.bmp,148,0,4,0,0,0,1,0,1
0000000887.bmp,148,0,5,0,0,0,1,0,1
0000000888.bmp,148,0,6,0,0,0,1,0,1
0000000889.bmp,149,0,1,0,0,0,1,0,1
0000000890.bmp,149,0,2,0,0,0,1,0,1
0000000891.bmp,149,0,3,0,0,0,1,0,1
0000000892.bmp,149,0,4,0,0,0,1,0,1
0000000893.bmp,149,0,5,0,0,0,1,0,1
0000000894.bmp,149,0,6,0,0,0,1,0,1
0000000895.bmp,150,0,1,0,0,0,1,0,1
0000000896.bmp,150,0,2,0,0,0,1,0,1
0000000897.bmp,150,0,3,0,0,0,1,0,1
0000000898.bmp,150,0,4,0,0,0,1,0,1
0000000899.bmp,150,0,5,0,0,0,1,0,1
0000000900.bmp,150,0,6,0,0,0,1,0,1
0000000901.bmp,151,0,1,0,0,0,1,0,1
0000000902.bmp,151,0,2,0,0,0,1,0,1
0000000903.bmp,151,0,3,0,0,0,1,0,1
0000000904.bmp,151,0,4,0,0,0,1,0,1
0000000905.bmp,151,0,5,0,0,0,1,0,1
0000000906.bmp,151,0,6,0,0,0,1,0,1
0000000907.bmp,152,0,1,0,0,0,1,0,1
0000000908.bmp,152,0,2,0,0,0,1,0,1
0000000909.bmp,152,0,3,0,0,0,1,0,1
0000000910.bmp,152,0,4,0,0,0,1,0,1
0000000911.bmp,152,0,5,0,0,0,1,0,1
0000000912.bmp,152,0,6,0,0,0,1,0,1
0000000913.bmp,153,0,1,0,0,0,1,0,1
0000000914.bmp,153,0,2,0,0,0,1,0,1
0000000915.bmp,153,0,3,0,0,0,1,0,1
0000000916.bmp,153,0,4,0,0,0,1,0,1
0000000917.bmp,153,0,5,0,0,0,1,0,1
0000000918.bmp,153,0,6,0,0,0,1,0,1
0000000919.bmp,154,0,1,0,0,0,1,0,1
0000000920.bmp,154,0,2,0,0,0,1,0,1
0000000921.bmp,154,0,3,0,0,0,1,0,1
0000000922.bmp,154,0,4,0,0,0,1,0,1
0000000923.bmp,154,0,5,0,0,0,1,0,1
0000000924.bmp,154,0,6,0,0,0,1,0,1
0000000925.bmp,155,0,1,0,0,0,1,0,1
0000000926.bmp,155,0,2,0,0,0,1,0,1
0000000927.bmp,155,0,3,0,0,0,1,0,1
0000000928.bmp,155,0,4,0,0,0,1,0,1
0000000929.bmp,155,0,5,0,0,0,1,0,1
0000000930.bmp,155,0,6,0,0,0,1,0,1
0000000931.bmp,156,0,1,0,0,0,1,0,1
0000000932.bmp,156,0,2,0,0,0,1,0,1
0000000933.bmp,156,0,3,0,0,0,1,0,1
0000000934.bmp,156,0,4,0,0,0,1,0,1
0000000935.bmp,156,0,5,0,0,0,1,0,1
0000000936.bmp,156,0,6,0,0,0,1,0,1
0000000937.bmp,157,0,1,0,0,0,1,0,1
0000000938.bmp,157,0,2,0,0,0,1,0,1
0000000939.bmp,157,0,3,0,0,0,1,0,1
0000000940.bmp,157,0,4,0,0,0,1,0,1
0000000941.bmp,157,0,5,0,0,0,1,0,1
0000000942.bmp,157,0,6,0,0,0,1,0,1
0000000943.bmp,158,0,1,0,0,0,1,0,1
0000000944.bmp,158,0,2,0,0,0,1,0,1
0000000945.bmp,158,0,3,0,0,0,1,0,1
0000000946.bmp,158,0,4,0,0,0,1,0,1
0000000947.bmp,158,0,5,0,0,0,1,0,1
0000000948.bmp,158,0,6,0,0,0,1,0,1
0000000949.bmp,159,0,1,0,0,0,1,0,1
0000000950.bmp,159,0,2,0,0,0,1,0,1
0000000951.bmp,159,0,3,0,0,0,1,0,1
0000000952.bmp,159,0,4,0,0,0,1,0,1
0000000953.bmp,159,0,5,0,0,0,1,0,1
0000000954.bmp,159,0,6,0,0,0,1,0,1
0000000955.bmp,160,0,1,0,0,0,1,0,1
0000000956.bmp,160,0,2,0,0,0,1,0,1
0000000957.bmp,160,0,3,0,0,0,1,0,1
0000000958.bmp,160,0,4,0,0,0,1,0,1
0000000959.bmp,160,0,5,0,0,0,1,0,1
0000000960.bmp,160,0,6,0,0,0,1,0,1
0000000961.bmp,161,0,1,0,0,0,1,0,1
0000000962.bmp,161,0,2,0,0,0,1,0,1
0000000963.bmp,161,0,3,0,0,0,1,0,1
0000000964.bmp,161,0,4,0,0,0,1,0,1
0000000965.bmp,161,0,5,0,0,0,1,0,1
0000000966.bmp,161,0,6,0,0,0,1,0,1
0000000967.bmp,162,0,1,0,0,0,1,0,1
0000000968.bmp,162,0,2,0,0,0,1,0,1
0000000969.bmp,162,0,3,0,0,0,1,0,1
0000000970.bmp,162,0,4,0,0,0,1,0,1
0000000971.bmp,162,0,5,0,0,0,1,0,1
0000000972.bmp,162,0,6,0,0,0,1,0,1
0000000973.bmp,163,0,1,0,0,0,1,0,1
0000000974.bmp,163,0,2,0,0,0,1,0,1
0000000975.bmp,163,0,3,0,0,0,1,0,1
0000000976.bmp,163,0,4,0,0,0,1,0,1
0000000977.bmp,163,0,5,0,0,0,1,0,1
0000000978.bmp,163,0,6,0,0,0,1,0,1
0000000979.bmp,164,0,1,0,0,0,1,0,1
0000000980.bmp,164,0,2,0,0,0,1,0,1
0000000981.bmp,164,0,3,0,0,0,1,0,1
0000000982.bmp,164,0,4,0,0,0,1,0,1
0000000983.bmp,164,0,5,0,0,0,1,0,1
0000000984.bmp,164,0,6,0,0,0,1,0,1
0000000985.bmp,165,0,1,0,0,0,1,0,1
0000000986.bmp,165,0,2,0,0,0,1,0,1
0000000987.bmp,165,0,3,0,0,0,1,0,1
0000000988.bmp,165,0,4,0,0,0,1,0,1
0000000989.bmp,165,0,5,0,0,0,1,0,1
0000000990.bmp,165,0,6,0,0,0,1,0,1
0000000991.bmp,166,0,1,0,0,0,1,0,1
0000000992.bmp,166,0,2,0,0,0,1,0,1
0000000993.bmp,166,0,3,0,0,0,1,0,1
0000000994.bmp,166,0,4,0,0,0,1,0,1
0000000995.bmp,166,0,5,0,0,0,1,0,1
0000000996.bmp,166,0,6,0,0,0,1,0,1
0000000997.bmp,167,0,1,0,0,0,1,0,1
0000000998.bmp,167,0,2,0,0,0,1,0,1
0000000999.bmp,167,0,3,0,0,0,1,0,1
0000001000.bmp,167,0,4,0,0,0,1,0,1
0000001001.bmp,167,0,5,0,0,0,1,0,1
0000001002.bmp,167,0,6,0,0,0,1,0,1
0000001003.bmp,168,0,1,0,0,0,1,0,1
0000001004.bmp,168,0,2,0,0,0,1,0,1
0000001005.bmp,168,0,3,0,0,0,1,0,1
0000001006.bmp,168,0,4,0,0,0,1,0,1
0000001007.bmp,168,0,5,0,0,0,1,0,1
0000001008.bmp,168,0,6,0,0,0,1,0,1
0000001009.bmp,169,0,1,0,0,0,1,0,1
0000001010.bmp,169,0,2,0,0,0,1,0,1
0000001011.bmp,169,0,3,0,0,0,1,0,1
0000001012.bmp,169,0,4,0,0,0,1,0,1
0000001013.bmp,169,0,5,0,0,0,1,0,1
0000001014.bmp,169,0,6,0,0,0,1,0,1
0000001015.bmp,170,0,1,0,0,0,1,0,1
0000001016.bmp,170,0,2,0,0,0,1,0,1
0000001017.bmp,170,0,3,0,0,0,1,0,1
0000001018.bmp,170,0,4,0,0,0,1,0,1
0000001019.bmp,170,0,5,0,0,0,1,0,1
0000001020.bmp,170,0,6,0,0,0,1,0,1
0000001021.bmp,171,0,1,0,0,0,1,0,1
0000001022.bmp,171,0,2,0,0,0,1,0,1
0000001023.bmp,171,0,3,0,0,0,1,0,1
0000001024.bmp,171,0,4,0,0,0,1,0,1
0000001025.bmp,171,0,5,0,0,0,1,0,1
0000001026.bmp,171,0,6,0,0,0,1,0,1
0000001027.bmp,172,0,1,0,0,0,1,0,1
0000001028.bmp,172,0,2,0,0,0,1,0,1
0000001029.bmp,172,0,3,0,0,0,1,0,1
0000001030.bmp,172,0,4,0,0,0,1,0,1
0000001031.bmp,172,0,5,0,0,0,1,0,1
0000001032.bmp,172,0,6,0,0,0,1,0,1
0000001033.bmp,173,0,1,0,0,0,1,0,1
0000001034.bmp,173,0,2,0,0,0,1,0,1
0000001035.bmp,173,0,3,0,0,0,1,0,1
0000001036.bmp,173,0,4,0,0,0,1,0,1
0000001037.bmp,173,0,5,0,0,0,1,0,1
0000001038.bmp,173,0,6,0,0,0,1,0,1
0000001039.bmp,174,0,1,0,0,0,1,0,1
0000001040.bmp,174,0,2,0,0,0,1,0,1
0000001041.bmp,174,0,3,0,0,0,1,0,1
0000001042.bmp,174,0,4,0,0,0,1,0,1
0000001043.bmp,174,0,5,0,0,0,1,0,1
0000001044.bmp,174,0,6,0,0,0,1,0,1
0000001045.bmp,175,0,1,0,0,0,1,0,1
0000001046.bmp,175,0,2,0,0,0,1,0,1
0000001047.bmp,175,0,3,0,0,0,1,0,1
0000001048.bmp,175,0,4,0,0,0,1,0,1
0000001049.bmp,175,0,5,0,0,0,1,0,1
0000001050.bmp,175,0,6,0,0,0,1,0,1
0000001051.bmp,176,0,1,0,0,0,1,0,1
0000001052.bmp,176,0,2,0,0,0,1,0,1
0000001053.bmp,176,0,3,0,0,0,1,0,1
0000001054.bmp,176,0,4,0,0,0,1,0,1
0000001055.bmp,176,0,5,0,0,0,1,0,1
0000001056.bmp,176,0,6,0,0,0,1,0,1
0000001057.bmp,177,0,1,0,0,0,1,0,1
0000001058.bmp,177,0,2,0,0,0,1,0,1
0000001059.bmp,177,0,3,0,0,0,1,0,1
0000001060.bmp,177,0,4,0,0,0,1,0,1
0000001061.bmp,177,0,5,0,0,0,1,0,1
0000001062.bmp,177,0,6,0,0,0,1,0,1
0000001063.bmp,178,0,1,0,0,0,1,0,1
0000001064.bmp,178,0,2,0,0,0,1,0,1
0000001065.bmp,178,0,3,0,0,0,1,0,1
0000001066.bmp,178,0,4,0,0,0,1,0,1
0000001067.bmp,178,0,5,0,0,0,1,0,1
0000001068.bmp,178,0,6,0,0,0,1,0,1
0000001069.bmp,179,0,1,0,0,0,1,0,1
0000001070.bmp,179,0,2,0,0,0,1,0,1
0000001071.bmp,179,0,3,0,0,0,1,0,1
0000001072.bmp,179,0,4,0,0,0,1,0,1
0000001073.bmp,179,0,5,0,0,0,1,0,1
0000001074.bmp,179,0,6,0,0,0,1,0,1
0000001075.bmp,180,0,1,0,0,0,1,0,1
0000001076.bmp,180,0,2,0,0,0,1,0,1
0000001077.bmp,180,0,3,0,0,0,1,0,1
0000001078.bmp,180,0,4,0,0,0,1,0,1
0000001079.bmp,180,0,5,0,0,0,1,0,1
0000001080.bmp,180,0,6,0,0,0,1,0,1
0000001080.bmp,54,0,20,0,0,0,1,0,1
0000001081.bmp,55,0,1,0,0,0,1,0,1
0000001082.bmp,55,0,2,0,0,0,1,0,1
0000001083.bmp,55,0,3,0,0,0,1,0,1
0000001084.bmp,55,0,4,0,0,0,1,0,1
0000001085.bmp,55,0,5,0,0,0,1,0,1
0000001086.bmp,55,0,6,0,0,0,1,0,1
0000001087.bmp,55,0,7,0,0,0,1,0,1
0000001088.bmp,55,0,8,0,0,0,1,0,1
0000001089.bmp,55,0,9,0,0,0,1,0,1
0000001090.bmp,55,0,10,0,0,0,1,0,1
0000001091.bmp,55,0,11,0,0,0,1,0,1
0000001092.bmp,55,0,12,0,0,0,1,0,1
0000001093.bmp,55,0,13,0,0,0,1,0,1
0000001094.bmp,55,0,14,0,0,0,1,0,1
0000001095.bmp,55,0,15,0,0,0,1,0,1
0000001096.bmp,55,0,16,0,0,0,1,0,1
0000001097.bmp,55,0,17,0,0,0,1,0,1
0000001098.bmp,55,0,18,0,0,0,1,0,1
0000001099.bmp,55,0,19,0,0,0,1,0,1
0000001100.bmp,55,0,20,0,0,0,1,0,1
0000001101.bmp,56,0,1,0,0,0,1,0,1
0000001102.bmp,56,0,2,0,0,0,1,0,1
0000001103.bmp,56,0,3,0,0,0,1,0,1
0000001104.bmp,56,0,4,0,0,0,1,0,1
0000001105.bmp,56,0,5,0,0,0,1,0,1
0000001106.bmp,56,0,6,0,0,0,1,0,1
0000001107.bmp,56,0,7,0,0,0,1,0,1
0000001108.bmp,56,0,8,0,0,0,1,0,1
0000001109.bmp,56,0,9,0,0,0,1,0,1
0000001110.bmp,56,0,10,0,0,0,1,0,1
0000001111.bmp,56,0,11,0,0,0,1,0,1
0000001112.bmp,56,0,12,0,0,0,1,0,1
0000001113.bmp,56,0,13,0,0,0,1,0,1
0000001114.bmp,56,0,14,0,0,0,1,0,1
0000001115.bmp,56,0,15,0,0,0,1,0,1
0000001116.bmp,56,0,16,0,0,0,1,0,1
0000001117.bmp,56,0,17,0,0,0,1,0,1
0000001118.bmp,56,0,18,0,0,0,1,0,1
0000001119.bmp,56,0,19,0,0,0,1,0,1
0000001120.bmp,56,0,20,0,0,0,1,0,1
0000001121.bmp,57,0,1,0,0,0,1,0,1
0000001122.bmp,57,0,2,0,0,0,1,0,1
0000001123.bmp,57,0,3,0,0,0,1,0,1
0000001124.bmp,57,0,4,0,0,0,1,0,1
0000001125.bmp,57,0,5,0,0,0,1,0,1
0000001126.bmp,57,0,6,0,0,0,1,0,1
0000001127.bmp,57,0,7,0,0,0,1,0,1
0000001128.bmp,57,0,8,0,0,0,1,0,1
0000001129.bmp,57,0,9,0,0,0,1,0,1
0000001130.bmp,57,0,10,0,0,0,1,0,1
0000001131.bmp,57,0,11,0,0,0,1,0,1
0000001132.bmp,57,0,12,0,0,0,1,0,1
0000001133.bmp,57,0,13,0,0,0,1,0,1
0000001134.bmp,57,0,14,0,0,0,1,0,1
0000001135.bmp,57,0,15,0,0,0,1,0,1
0000001136.bmp,57,0,16,0,0,0,1,0,1
0000001137.bmp,57,0,17,0,0,0,1,0,1
0000001138.bmp,57,0,18,0,0,0,1,0,1
0000001139.bmp,57,0,19,0,0,0,1,0,1
0000001140.bmp,57,0,20,0,0,0,1,0,1
0000001141.bmp,58,0,1,0,0,0,1,0,1
0000001142.bmp,58,0,2,0,0,0,1,0,1
0000001143.bmp,58,0,3,0,0,0,1,0,1
0000001144.bmp,58,0,4,0,0,0,1,0,1
0000001145.bmp,58,0,5,0,0,0,1,0,1
0000001146.bmp,58,0,6,0,0,0,1,0,1
0000001147.bmp,58,0,7,0,0,0,1,0,1
0000001148.bmp,58,0,8,0,0,0,1,0,1
0000001149.bmp,58,0,9,0,0,0,1,0,1
0000001150.bmp,58,0,10,0,0,0,1,0,1
0000001151.bmp,58,0,11,0,0,0,1,0,1
0000001152.bmp,58,0,12,0,0,0,1,0,1
0000001153.bmp,58,0,13,0,0,0,1,0,1
0000001154.bmp,58,0,14,0,0,0,1,0,1
0000001155.bmp,58,0,15,0,0,0,1,0,1
0000001156.bmp,58,0,16,0,0,0,1,0,1
0000001157.bmp,58,0,17,0,0,0,1,0,1
0000001158.bmp,58,0,18,0,0,0,1,0,1
0000001159.bmp,58,0,19,0,0,0,1,0,1
0000001160.bmp,58,0,20,0,0,0,1,0,1
0000001161.bmp,59,0,1,0,0,0,1,0,1
0000001162.bmp,59,0,2,0,0,0,1,0,1
0000001163.bmp,59,0,3,0,0,0,1,0,1
0000001164.bmp,59,0,4,0,0,0,1,0,1
0000001165.bmp,59,0,5,0,0,0,1,0,1
0000001166.bmp,59,0,6,0,0,0,1,0,1
0000001167.bmp,59,0,7,0,0,0,1,0,1
0000001168.bmp,59,0,8,0,0,0,1,0,1
0000001169.bmp,59,0,9,0,0,0,1,0,1
0000001170.bmp,59,0,10,0,0,0,1,0,1
0000001171.bmp,59,0,11,0,0,0,1,0,1
0000001172.bmp,59,0,12,0,0,0,1,0,1
0000001173.bmp,59,0,13,0,0,0,1,0,1
0000001174.bmp,59,0,14,0,0,0,1,0,1
0000001175.bmp,59,0,15,0,0,0,1,0,1
0000001176.bmp,59,0,16,0,0,0,1,0,1
0000001177.bmp,59,0,17,0,0,0,1,0,1
0000001178.bmp,59,0,18,0,0,0,1,0,1
0000001179.bmp,59,0,19,0,0,0,1,0,1
0000001180.bmp,59,0,20,0,0,0,1,0,1
0000001181.bmp,60,0,1,0,0,0,1,0,1
0000001182.bmp,60,0,2,0,0,0,1,0,1
0000001183.bmp,60,0,3,0,0,0,1,0,1
0000001184.bmp,60,0,4,0,0,0,1,0,1
0000001185.bmp,60,0,5,0,0,0,1,0,1
0000001186.bmp,60,0,6,0,0,0,1,0,1
0000001187.bmp,60,0,7,0,0,0,1,0,1
0000001188.bmp,60,0,8,0,0,0,1,0,1
0000001189.bmp,60,0,9,0,0,0,1,0,1
0000001190.bmp,60,0,10,0,0,0,1,0,1
0000001191.bmp,60,0,11,0,0,0,1,0,1
0000001192.bmp,60,0,12,0,0,0,1,0,1
0000001193.bmp,60,0,13,0,0,0,1,0,1
0000001194.bmp,60,0,14,0,0,0,1,0,1
0000001195.bmp,60,0,15,0,0,0,1,0,1
0000001196.bmp,60,0,16,0,0,0,1,0,1
0000001197.bmp,60,0,17,0,0,0,1,0,1
0000001198.bmp,60,0,18,0,0,0,1,0,1
0000001199.bmp,60,0,19,0,0,0,1,0,1
0000001200.bmp,60,0,20,0,0,0,1,0,1
0000001201.bmp,61,0,1,0,0,0,1,0,1
0000001202.bmp,61,0,2,0,0,0,1,0,1
0000001203.bmp,61,0,3,0,0,0,1,0,1
0000001204.bmp,61,0,4,0,0,0,1,0,1
0000001205.bmp,61,0,5,0,0,0,1,0,1
0000001206.bmp,61,0,6,0,0,0,1,0,1
0000001207.bmp,61,0,7,0,0,0,1,0,1
0000001208.bmp,61,0,8,0,0,0,1,0,1
0000001209.bmp,61,0,9,0,0,0,1,0,1
0000001210.bmp,61,0,10,0,0,0,1,0,1
0000001211.bmp,61,0,11,0,0,0,1,0,1
0000001212.bmp,61,0,12,0,0,0,1,0,1
0000001213.bmp,61,0,13,0,0,0,1,0,1
0000001214.bmp,61,0,14,0,0,0,1,0,1
0000001215.bmp,61,0,15,0,0,0,1,0,1
0000001216.bmp,61,0,16,0,0,0,1,0,1
0000001217.bmp,61,0,17,0,0,0,1,0,1
0000001218.bmp,61,0,18,0,0,0,1,0,1
0000001219.bmp,61,0,19,0,0,0,1,0,1
0000001220.bmp,61,0,20,0,0,0,1,0,1
0000001221.bmp,62,0,1,0,0,0,1,0,1
0000001222.bmp,62,0,2,0,0,0,1,0,1
0000001223.bmp,62,0,3,0,0,0,1,0,1
0000001224.bmp,62,0,4,0,0,0,1,0,1
0000001225.bmp,62,0,5,0,0,0,1,0,1
0000001226.bmp,62,0,6,0,0,0,1,0,1
0000001227.bmp,62,0,7,0,0,0,1,0,1
0000001228.bmp,62,0,8,0,0,0,1,0,1
0000001229.bmp,62,0,9,0,0,0,1,0,1
0000001230.bmp,62,0,10,0,0,0,1,0,1
0000001231.bmp,62,0,11,0,0,0,1,0,1
0000001232.bmp,62,0,12,0,0,0,1,0,1
0000001233.bmp,62,0,13,0,0,0,1,0,1
0000001234.bmp,62,0,14,0,0,0,1,0,1
0000001235.bmp,62,0,15,0,0,0,1,0,1
0000001236.bmp,62,0,16,0,0,0,1,0,1
0000001237.bmp,62,0,17,0,0,0,1,0,1
0000001238.bmp,62,0,18,0,0,0,1,0,1
0000001239.bmp,62,0,19,0,0,0,1,0,1
0000001240.bmp,62,0,20,0,0,0,1,0,1
0000001241.bmp,63,0,1,0,0,0,1,0,1
0000001242.bmp,63,0,2,0,0,0,1,0,1
0000001243.bmp,63,0,3,0,0,0,1,0,1
0000001244.bmp,63,0,4,0,0,0,1,0,1
0000001245.bmp,63,0,5,0,0,0,1,0,1
0000001246.bmp,63,0,6,0,0,0,1,0,1
0000001247.bmp,63,0,7,0,0,0,1,0,1
0000001248.bmp,63,0,8,0,0,0,1,0,1
0000001249.bmp,63,0,9,0,0,0,1,0,1
0000001250.bmp,63,0,10,0,0,0,1,0,1
0000001251.bmp,63,0,11,0,0,0,1,0,1
0000001252.bmp,63,0,12,0,0,0,1,0,1
0000001253.bmp,63,0,13,0,0,0,1,0,1
0000001254.bmp,63,0,14,0,0,0,1,0,1
0000001255.bmp,63,0,15,0,0,0,1,0,1
0000001256.bmp,63,0,16,0,0,0,1,0,1
0000001257.bmp,63,0,17,0,0,0,1,0,1
0000001258.bmp,63,0,18,0,0,0,1,0,1
0000001259.bmp,63,0,19,0,0,0,1,0,1
0000001260.bmp,63,0,20,0,0,0,1,0,1
0000001261.bmp,64,0,1,0,0,0,1,0,1
0000001262.bmp,64,0,2,0,0,0,1,0,1
0000001263.bmp,64,0,3,0,0,0,1,0,1
0000001264.bmp,64,0,4,0,0,0,1,0,1
0000001265.bmp,64,0,5,0,0,0,1,0,1
0000001266.bmp,64,0,6,0,0,0,1,0,1
0000001267.bmp,64,0,7,0,0,0,1,0,1
0000001268.bmp,64,0,8,0,0,0,1,0,1
0000001269.bmp,64,0,9,0,0,0,1,0,1
0000001270.bmp,64,0,10,0,0,0,1,0,1
0000001271.bmp,64,0,11,0,0,0,1,0,1
0000001272.bmp,64,0,12,0,0,0,1,0,1
0000001273.bmp,64,0,13,0,0,0,1,0,1
0000001274.bmp,64,0,14,0,0,0,1,0,1
0000001275.bmp,64,0,15,0,0,0,1,0,1
0000001276.bmp,64,0,16,0,0,0,1,0,1
0000001277.bmp,64,0,17,0,0,0,1,0,1
0000001278.bmp,64,0,18,0,0,0,1,0,1
0000001279.bmp,64,0,19,0,0,0,1,0,1
0000001280.bmp,64,0,20,0,0,0,1,0,1
0000001281.bmp,65,0,1,0,0,0,1,0,1
0000001282.bmp,65,0,2,0,0,0,1,0,1
0000001283.bmp,65,0,3,0,0,0,1,0,1
0000001284.bmp,65,0,4,0,0,0,1,0,1
0000001285.bmp,65,0,5,0,0,0,1,0,1
0000001286.bmp,65,0,6,0,0,0,1,0,1
0000001287.bmp,65,0,7,0,0,0,1,0,1
0000001288.bmp,65,0,8,0,0,0,1,0,1
0000001289.bmp,65,0,9,0,0,0,1,0,1
0000001290.bmp,65,0,10,0,0,0,1,0,1
0000001291.bmp,65,0,11,0,0,0,1,0,1
0000001292.bmp,65,0,12,0,0,0,1,0,1
0000001293.bmp,65,0,13,0,0,0,1,0,1
0000001294.bmp,65,0,14,0,0,0,1,0,1
0000001295.bmp,65,0,15,0,0,0,1,0,1
0000001296.bmp,65,0,16,0,0,0,1,0,1
0000001297.bmp,65,0,17,0,0,0,1,0,1
0000001298.bmp,65,0,18,0,0,0,1,0,1
0000001299.bmp,65,0,19,0,0,0,1,0,1
0000001300.bmp,65,0,20,0,0,0,1,0,1
0000001301.bmp,66,0,1,0,0,0,1,0,1
0000001302.bmp,66,0,2,0,0,0,1,0,1
0000001303.bmp,66,0,3,0,0,0,1,0,1
0000001304.bmp,66,0,4,0,0,0,1,0,1
0000001305.bmp,66,0,5,0,0,0,1,0,1
0000001306.bmp,66,0,6,0,0,0,1,0,1
0000001307.bmp,66,0,7,0,0,0,1,0,1
0000001308.bmp,66,0,8,0,0,0,1,0,1
0000001309.bmp,66,0,9,0,0,0,1,0,1
0000001310.bmp,66,0,10,0,0,0,1,0,1
0000001311.bmp,66,0,11,0,0,0,1,0,1
0000001312.bmp,66,0,12,0,0,0,1,0,1
0000001313.bmp,66,0,13,0,0,0,1,0,1
0000001314.bmp,66,0,14,0,0,0,1,0,1
0000001315.bmp,66,0,15,0,0,0,1,0,1
0000001316.bmp,66,0,16,0,0,0,1,0,1
0000001317.bmp,66,0,17,0,0,0,1,0,1
0000001318.bmp,66,0,18,0,0,0,1,0,1
0000001319.bmp,66,0,19,0,0,0,1,0,1
0000001320.bmp,66,0,20,0,0,0,1,0,1
0000001321.bmp,67,0,1,0,0,0,1,0,1
0000001322.bmp,67,0,2,0,0,0,1,0,1
0000001323.bmp,67,0,3,0,0,0,1,0,1
0000001324.bmp,67,0,4,0,0,0,1,0,1
0000001325.bmp,67,0,5,0,0,0,1,0,1
0000001326.bmp,67,0,6,0,0,0,1,0,1
0000001327.bmp,67,0,7,0,0,0,1,0,1
0000001328.bmp,67,0,8,0,0,0,1,0,1
0000001329.bmp,67,0,9,0,0,0,1,0,1
0000001330.bmp,67,0,10,0,0,0,1,0,1
0000001331.bmp,67,0,11,0,0,0,1,0,1
0000001332.bmp,67,0,12,0,0,0,1,0,1
0000001333.bmp,67,0,13,0,0,0,1,0,1
0000001334.bmp,67,0,14,0,0,0,1,0,1
0000001335.bmp,67,0,15,0,0,0,1,0,1
0000001336.bmp,67,0,16,0,0,0,1,0,1
0000001337.bmp,67,0,17,0,0,0,1,0,1
0000001338.bmp,67,0,18,0,0,0,1,0,1
0000001339.bmp,67,0,19,0,0,0,1,0,1
0000001340.bmp,67,0,20,0,0,0,1,0,1
0000001341.bmp,68,0,1,0,0,0,1,0,1
0000001342.bmp,68,0,2,0,0,0,1,0,1
0000001343.bmp,68,0,3,0,0,0,1,0,1
0000001344.bmp,68,0,4,0,0,0,1,0,1
0000001345.bmp,68,0,5,0,0,0,1,0,1
0000001346.bmp,68,0,6,0,0,0,1,0,1
0000001347.bmp,68,0,7,0,0,0,1,0,1
0000001348.bmp,68,0,8,0,0,0,1,0,1
0000001349.bmp,68,0,9,0,0,0,1,0,1
0000001350.bmp,68,0,10,0,0,0,1,0,1
0000001351.bmp,68,0,11,0,0,0,1,0,1
0000001352.bmp,68,0,12,0,0,0,1,0,1
0000001353.bmp,68,0,13,0,0,0,1,0,1
0000001354.bmp,68,0,14,0,0,0,1,0,1
0000001355.bmp,68,0,15,0,0,0,1,0,1
0000001356.bmp,68,0,16,0,0,0,1,0,1
0000001357.bmp,68,0,17,0,0,0,1,0,1
0000001358.bmp,68,0,18,0,0,0,1,0,1
0000001359.bmp,68,0,19,0,0,0,1,0,1
0000001360.bmp,68,0,20,0,0,0,1,0,1
0000001361.bmp,69,0,1,0,0,0,1,0,1
0000001362.bmp,69,0,2,0,0,0,1,0,1
0000001363.bmp,69,0,3,0,0,0,1,0,1
0000001364.bmp,69,0,4,0,0,0,1,0,1
0000001365.bmp,69,0,5,0,0,0,1,0,1
0000001366.bmp,69,0,6,0,0,0,1,0,1
0000001367.bmp,69,0,7,0,0,0,1,0,1
0000001368.bmp,69,0,8,0,0,0,1,0,1
0000001369.bmp,69,0,9,0,0,0,1,0,1
0000001370.bmp,69,0,10,0,0,0,1,0,1
0000001371.bmp,69,0,11,0,0,0,1,0,1
0000001372.bmp,69,0,12,0,0,0,1,0,1
0000001373.bmp,69,0,13,0,0,0,1,0,1
0000001374.bmp,69,0,14,0,0,0,1,0,1
0000001375.bmp,69,0,15,0,0,0,1,0,1
0000001376.bmp,69,0,16,0,0,0,1,0,1
0000001377.bmp,69,0,17,0,0,0,1,0,1
0000001378.bmp,69,0,18,0,0,0,1,0,1
0000001379.bmp,69,0,19,0,0,0,1,0,1
0000001380.bmp,69,0,20,0,0,0,1,0,1
0000001381.bmp,70,0,1,0,0,0,1,0,1
0000001382.bmp,70,0,2,0,0,0,1,0,1
0000001383.bmp,70,0,3,0,0,0,1,0,1
0000001384.bmp,70,0,4,0,0,0,1,0,1
0000001385.bmp,70,0,5,0,0,0,1,0,1
0000001386.bmp,70,0,6,0,0,0,1,0,1
0000001387.bmp,70,0,7,0,0,0,1,0,1
0000001388.bmp,70,0,8,0,0,0,1,0,1
0000001389.bmp,70,0,9,0,0,0,1,0,1
0000001390.bmp,70,0,10,0,0,0,1,0,1
0000001391.bmp,70,0,11,0,0,0,1,0,1
0000001392.bmp,70,0,12,0,0,0,1,0,1
0000001393.bmp,70,0,13,0,0,0,1,0,1
0000001394.bmp,70,0,14,0,0,0,1,0,1
0000001395.bmp,70,0,15,0,0,0,1,0,1
0000001396.bmp,70,0,16,0,0,0,1,0,1
0000001397.bmp,70,0,17,0,0,0,1,0,1
0000001398.bmp,70,0,18,0,0,0,1,0,1
0000001399.bmp,70,0,19,0,0,0,1,0,1
0000001400.bmp,70,0,20,0,0,0,1,0,1
0000001401.bmp,71,0,1,0,0,0,1,0,1
0000001402.bmp,71,0,2,0,0,0,1,0,1
0000001403.bmp,71,0,3,0,0,0,1,0,1
0000001404.bmp,71,0,4,0,0,0,1,0,1
0000001405.bmp,71,0,5,0,0,0,1,0,1
0000001406.bmp,71,0,6,0,0,0,1,0,1
0000001407.bmp,71,0,7,0,0,0,1,0,1
0000001408.bmp,71,0,8,0,0,0,1,0,1
0000001409.bmp,71,0,9,0,0,0,1,0,1
0000001410.bmp,71,0,10,0,0,0,1,0,1
0000001411.bmp,71,0,11,0,0,0,1,0,1
0000001412.bmp,71,0,12,0,0,0,1,0,1
0000001413.bmp,71,0,13,0,0,0,1,0,1
0000001414.bmp,71,0,14,0,0,0,1,0,1
0000001415.bmp,71,0,15,0,0,0,1,0,1
0000001416.bmp,71,0,16,0,0,0,1,0,1
0000001417.bmp,71,0,17,0,0,0,1,0,1
0000001418.bmp,71,0,18,0,0,0,1,0,1
0000001419.bmp,71,0,19,0,0,0,1,0,1
0000001420.bmp,71,0,20,0,0,0,1,0,1
0000001421.bmp,72,0,1,0,0,0,1,0,1
0000001422.bmp,72,0,2,0,0,0,1,0,1
0000001423.bmp,72,0,3,0,0,0,1,0,1
0000001424.bmp,72,0,4,0,0,0,1,0,1
0000001425.bmp,72,0,5,0,0,0,1,0,1
0000001426.bmp,72,0,6,0,0,0,1,0,1
0000001427.bmp,72,0,7,0,0,0,1,0,1
0000001428.bmp,72,0,8,0,0,0,1,0,1
0000001429.bmp,72,0,9,0,0,0,1,0,1
0000001430.bmp,72,0,10,0,0,0,1,0,1
0000001431.bmp,72,0,11,0,0,0,1,0,1
0000001432.bmp,72,0,12,0,0,0,1,0,1
0000001433.bmp,72,0,13,0,0,0,1,0,1
0000001434.bmp,72,0,14,0,0,0,1,0,1
0000001435.bmp,72,0,15,0,0,0,1,0,1
0000001436.bmp,72,0,16,0,0,0,1,0,1
0000001437.bmp,72,0,17,0,0,0,1,0,1
0000001438.bmp,72,0,18,0,0,0,1,0,1
0000001439.bmp,72,0,19,0,0,0,1,0,1
0000001440.bmp,72,0,20,0,0,0,1,0,1
0000001441.bmp,73,0,1,0,0,0,1,0,1
0000001442.bmp,73,0,2,0,0,0,1,0,1
0000001443.bmp,73,0,3,0,0,0,1,0,1
0000001444.bmp,73,0,4,0,0,0,1,0,1
0000001445.bmp,73,0,5,0,0,0,1,0,1
0000001446.bmp,73,0,6,0,0,0,1,0,1
0000001447.bmp,73,0,7,0,0,0,1,0,1
0000001448.bmp,73,0,8,0,0,0,1,0,1
0000001449.bmp,73,0,9,0,0,0,1,0,1
0000001450.bmp,73,0,10,0,0,0,1,0,1
0000001451.bmp,73,0,11,0,0,0,1,0,1
0000001452.bmp,73,0,12,0,0,0,1,0,1
0000001453.bmp,73,0,13,0,0,0,1,0,1
0000001454.bmp,73,0,14,0,0,0,1,0,1
0000001455.bmp,73,0,15,0,0,0,1,0,1
0000001456.bmp,73,0,16,0,0,0,1,0,1
0000001457.bmp,73,0,17,0,0,0,1,0,1
0000001458.bmp,73,0,18,0,0,0,1,0,1
0000001459.bmp,73,0,19,0,0,0,1,0,1
0000001460.bmp,73,0,20,0,0,0,1,0,1
0000001461.bmp,74,0,1,0,0,0,1,0,1
0000001462.bmp,74,0,2,0,0,0,1,0,1
0000001463.bmp,74,0,3,0,0,0,1,0,1
0000001464.bmp,74,0,4,0,0,0,1,0,1
0000001465.bmp,74,0,5,0,0,0,1,0,1
0000001466.bmp,74,0,6,0,0,0,1,0,1
0000001467.bmp,74,0,7,0,0,0,1,0,1
0000001468.bmp,74,0,8,0,0,0,1,0,1
0000001469.bmp,74,0,9,0,0,0,1,0,1
0000001470.bmp,74,0,10,0,0,0,1,0,1
0000001471.bmp,74,0,11,0,0,0,1,0,1
0000001472.bmp,74,0,12,0,0,0,1,0,1
0000001473.bmp,74,0,13,0,0,0,1,0,1
0000001474.bmp,74,0,14,0,0,0,1,0,1
0000001475.bmp,74,0,15,0,0,0,1,0,1
0000001476.bmp,74,0,16,0,0,0,1,0,1
0000001477.bmp,74,0,17,0,0,0,1,0,1
0000001478.bmp,74,0,18,0,0,0,1,0,1
0000001479.bmp,74,0,19,0,0,0,1,0,1
0000001480.bmp,74,0,20,0,0,0,1,0,1
0000001481.bmp,75,0,1,0,0,0,1,0,1
0000001482.bmp,75,0,2,0,0,0,1,0,1
0000001483.bmp,75,0,3,0,0,0,1,0,1
0000001484.bmp,75,0,4,0,0,0,1,0,1
0000001485.bmp,75,0,5,0,0,0,1,0,1
0000001486.bmp,75,0,6,0,0,0,1,0,1
0000001487.bmp,75,0,7,0,0,0,1,0,1
0000001488.bmp,75,0,8,0,0,0,1,0,1
0000001489.bmp,75,0,9,0,0,0,1,0,1
0000001490.bmp,75,0,10,0,0,0,1,0,1
0000001491.bmp,75,0,11,0,0,0,1,0,1
0000001492.bmp,75,0,12,0,0,0,1,0,1
0000001493.bmp,75,0,13,0,0,0,1,0,1
0000001494.bmp,75,0,14,0,0,0,1,0,1
0000001495.bmp,75,0,15,0,0,0,1,0,1
0000001496.bmp,75,0,16,0,0,0,1,0,1
0000001497.bmp,75,0,17,0,0,0,1,0,1
0000001498.bmp,75,0,18,0,0,0,1,0,1
0000001499.bmp,75,0,19,0,0,0,1,0,1
0000001500.bmp,75,0,20,0,0,0,1,0,1
0000001501.bmp,76,0,1,0,0,0,1,0,1
0000001502.bmp,76,0,2,0,0,0,1,0,1
0000001503.bmp,76,0,3,0,0,0,1,0,1
0000001504.bmp,76,0,4,0,0,0,1,0,1
0000001505.bmp,76,0,5,0,0,0,1,0,1
0000001506.bmp,76,0,6,0,0,0,1,0,1
0000001507.bmp,76,0,7,0,0,0,1,0,1
0000001508.bmp,76,0,8,0,0,0,1,0,1
0000001509.bmp,76,0,9,0,0,0,1,0,1
0000001510.bmp,76,0,10,0,0,0,1,0,1
0000001511.bmp,76,0,11,0,0,0,1,0,1
0000001512.bmp,76,0,12,0,0,0,1,0,1
0000001513.bmp,76,0,13,0,0,0,1,0,1
0000001514.bmp,76,0,14,0,0,0,1,0,1
0000001515.bmp,76,0,15,0,0,0,1,0,1
0000001516.bmp,76,0,16,0,0,0,1,0,1
0000001517.bmp,76,0,17,0,0,0,1,0,1
0000001518.bmp,76,0,18,0,0,0,1,0,1
0000001519.bmp,76,0,19,0,0,0,1,0,1
0000001520.bmp,76,0,20,0,0,0,1,0,1
0000001521.bmp,77,0,1,0,0,0,1,0,1
0000001522.bmp,77,0,2,0,0,0,1,0,1
0000001523.bmp,77,0,3,0,0,0,1,0,1
0000001524.bmp,77,0,4,0,0,0,1,0,1
0000001525.bmp,77,0,5,0,0,0,1,0,1
0000001526.bmp,77,0,6,0,0,0,1,0,1
0000001527.bmp,77,0,7,0,0,0,1,0,1
0000001528.bmp,77,0,8,0,0,0,1,0,1
0000001529.bmp,77,0,9,0,0,0,1,0,1
0000001530.bmp,77,0,10,0,0,0,1,0,1
0000001531.bmp,77,0,11,0,0,0,1,0,1
0000001532.bmp,77,0,12,0,0,0,1,0,1
0000001533.bmp,77,0,13,0,0,0,1,0,1
0000001534.bmp,77,0,14,0,0,0,1,0,1
0000001535.bmp,77,0,15,0,0,0,1,0,1
0000001536.bmp,77,0,16,0,0,0,1,0,1
0000001537.bmp,77,0,17,0,0,0,1,0,1
0000001538.bmp,77,0,18,0,0,0,1,0,1
0000001539.bmp,77,0,19,0,0,0,1,0,1
0000001540.bmp,77,0,20,0,0,0,1,0,1
0000001541.bmp,78,0,1,0,0,0,1,0,1
0000001542.bmp,78,0,2,0,0,0,1,0,1
0000001543.bmp,78,0,3,0,0,0,1,0,1
0000001544.bmp,78,0,4,0,0,0,1,0,1
0000001545.bmp,78,0,5,0,0,0,1,0,1
0000001546.bmp,78,0,6,0,0,0,1,0,1
0000001547.bmp,78,0,7,0,0,0,1,0,1
0000001548.bmp,78,0,8,0,0,0,1,0,1
0000001549.bmp,78,0,9,0,0,0,1,0,1
0000001550.bmp,78,0,10,0,0,0,1,0,1
0000001551.bmp,78,0,11,0,0,0,1,0,1
0000001552.bmp,78,0,12,0,0,0,1,0,1
0000001553.bmp,78,0,13,0,0,0,1,0,1
0000001554.bmp,78,0,14,0,0,0,1,0,1
0000001555.bmp,78,0,15,0,0,0,1,0,1
0000001556.bmp,78,0,16,0,0,0,1,0,1
0000001557.bmp,78,0,17,0,0,0,1,0,1
0000001558.bmp,78,0,18,0,0,0,1,0,1
0000001559.bmp,78,0,19,0,0,0,1,0,1
0000001560.bmp,78,0,20,0,0,0,1,0,1
0000001561.bmp,79,0,1,0,0,0,1,0,1
0000001562.bmp,79,0,2,0,0,0,1,0,1
0000001563.bmp,79,0,3,0,0,0,1,0,1
0000001564.bmp,79,0,4,0,0,0,1,0,1
0000001565.bmp,79,0,5,0,0,0,1,0,1
0000001566.bmp,79,0,6,0,0,0,1,0,1
0000001567.bmp,79,0,7,0,0,0,1,0,1
0000001568.bmp,79,0,8,0,0,0,1,0,1
0000001569.bmp,79,0,9,0,0,0,1,0,1
0000001570.bmp,79,0,10,0,0,0,1,0,1
0000001571.bmp,79,0,11,0,0,0,1,0,1
0000001572.bmp,79,0,12,0,0,0,1,0,1
0000001573.bmp,79,0,13,0,0,0,1,0,1
0000001574.bmp,79,0,14,0,0,0,1,0,1
0000001575.bmp,79,0,15,0,0,0,1,0,1
0000001576.bmp,79,0,16,0,0,0,1,0,1
0000001577.bmp,79,0,17,0,0,0,1,0,1
0000001578.bmp,79,0,18,0,0,0,1,0,1
0000001579.bmp,79,0,19,0,0,0,1,0,1
0000001580.bmp,79,0,20,0,0,0,1,0,1
0000001581.bmp,80,0,1,0,0,0,1,0,1
0000001582.bmp,80,0,2,0,0,0,1,0,1
0000001583.bmp,80,0,3,0,0,0,1,0,1
0000001584.bmp,80,0,4,0,0,0,1,0,1
0000001585.bmp,80,0,5,0,0,0,1,0,1
0000001586.bmp,80,0,6,0,0,0,1,0,1
0000001587.bmp,80,0,7,0,0,0,1,0,1
0000001588.bmp,80,0,8,0,0,0,1,0,1
0000001589.bmp,80,0,9,0,0,0,1,0,1
0000001590.bmp,80,0,10,0,0,0,1,0,1
0000001591.bmp,80,0,11,0,0,0,1,0,1
0000001592.bmp,80,0,12,0,0,0,1,0,1
0000001593.bmp,80,0,13,0,0,0,1,0,1
0000001594.bmp,80,0,14,0,0,0,1,0,1
0000001595.bmp,80,0,15,0,0,0,1,0,1
0000001596.bmp,80,0,16,0,0,0,1,0,1
0000001597.bmp,80,0,17,0,0,0,1,0,1
0000001598.bmp,80,0,18,0,0,0,1,0,1
0000001599.bmp,80,0,19,0,0,0,1,0,1
0000001600.bmp,80,0,20,0,0,0,1,0,1
0000001601.bmp,81,0,1,0,0,0,1,0,1
0000001602.bmp,81,0,2,0,0,0,1,0,1
0000001603.bmp,81,0,3,0,0,0,1,0,1
0000001604.bmp,81,0,4,0,0,0,1,0,1
0000001605.bmp,81,0,5,0,0,0,1,0,1
0000001606.bmp,81,0,6,0,0,0,1,0,1
0000001607.bmp,81,0,7,0,0,0,1,0,1
0000001608.bmp,81,0,8,0,0,0,1,0,1
0000001609.bmp,81,0,9,0,0,0,1,0,1
0000001610.bmp,81,0,10,0,0,0,1,0,1
0000001611.bmp,81,0,11,0,0,0,1,0,1
0000001612.bmp,81,0,12,0,0,0,1,0,1
0000001613.bmp,81,0,13,0,0,0,1,0,1
0000001614.bmp,81,0,14,0,0,0,1,0,1
0000001615.bmp,81,0,15,0,0,0,1,0,1
0000001616.bmp,81,0,16,0,0,0,1,0,1
0000001617.bmp,81,0,17,0,0,0,1,0,1
0000001618.bmp,81,0,18,0,0,0,1,0,1
0000001619.bmp,81,0,19,0,0,0,1,0,1
0000001620.bmp,81,0,20,0,0,0,1,0,1
0000001621.bmp,82,0,1,0,0,0,1,0,1
0000001622.bmp,82,0,2,0,0,0,1,0,1
0000001623.bmp,82,0,3,0,0,0,1,0,1
0000001624.bmp,82,0,4,0,0,0,1,0,1
0000001625.bmp,82,0,5,0,0,0,1,0,1
0000001626.bmp,82,0,6,0,0,0,1,0,1
0000001627.bmp,82,0,7,0,0,0,1,0,1
0000001628.bmp,82,0,8,0,0,0,1,0,1
0000001629.bmp,82,0,9,0,0,0,1,0,1
0000001630.bmp,82,0,10,0,0,0,1,0,1
0000001631.bmp,82,0,11,0,0,0,1,0,1
0000001632.bmp,82,0,12,0,0,0,1,0,1
0000001633.bmp,82,0,13,0,0,0,1,0,1
0000001634.bmp,82,0,14,0,0,0,1,0,1
0000001635.bmp,82,0,15,0,0,0,1,0,1
0000001636.bmp,82,0,16,0,0,0,1,0,1
0000001637.bmp,82,0,17,0,0,0,1,0,1
0000001638.bmp,82,0,18,0,0,0,1,0,1
0000001639.bmp,82,0,19,0,0,0,1,0,1
0000001640.bmp,82,0,20,0,0,0,1,0,1
0000001641.bmp,83,0,1,0,0,0,1,0,1
0000001642.bmp,83,0,2,0,0,0,1,0,1
0000001643.bmp,83,0,3,0,0,0,1,0,1
0000001644.bmp,83,0,4,0,0,0,1,0,1
0000001645.bmp,83,0,5,0,0,0,1,0,1
0000001646.bmp,83,0,6,0,0,0,1,0,1
0000001647.bmp,83,0,7,0,0,0,1,0,1
0000001648.bmp,83,0,8,0,0,0,1,0,1
0000001649.bmp,83,0,9,0,0,0,1,0,1
0000001650.bmp,83,0,10,0,0,0,1,0,1
0000001651.bmp,83,0,11,0,0,0,1,0,1
0000001652.bmp,83,0,12,0,0,0,1,0,1
0000001653.bmp,83,0,13,0,0,0,1,0,1
0000001654.bmp,83,0,14,0,0,0,1,0,1
0000001655.bmp,83,0,15,0,0,0,1,0,1
0000001656.bmp,83,0,16,0,0,0,1,0,1
0000001657.bmp,83,0,17,0,0,0,1,0,1
0000001658.bmp,83,0,18,0,0,0,1,0,1
0000001659.bmp,83,0,19,0,0,0,1,0,1
0000001660.bmp,83,0,20,0,0,0,1,0,1
0000001661.bmp,84,0,1,0,0,0,1,0,1
0000001662.bmp,84,0,2,0,0,0,1,0,1
0000001663.bmp,84,0,3,0,0,0,1,0,1
0000001664.bmp,84,0,4,0,0,0,1,0,1
0000001665.bmp,84,0,5,0,0,0,1,0,1
0000001666.bmp,84,0,6,0,0,0,1,0,1
0000001667.bmp,84,0,7,0,0,0,1,0,1
0000001668.bmp,84,0,8,0,0,0,1,0,1
0000001669.bmp,84,0,9,0,0,0,1,0,1
0000001670.bmp,84,0,10,0,0,0,1,0,1
0000001671.bmp,84,0,11,0,0,0,1,0,1
0000001672.bmp,84,0,12,0,0,0,1,0,1
0000001673.bmp,84,0,13,0,0,0,1,0,1
0000001674.bmp,84,0,14,0,0,0,1,0,1
0000001675.bmp,84,0,15,0,0,0,1,0,1
0000001676.bmp,84,0,16,0,0,0,1,0,1
0000001677.bmp,84,0,17,0,0,0,1,0,1
0000001678.bmp,84,0,18,0,0,0,1,0,1
0000001679.bmp,84,0,19,0,0,0,1,0,1
0000001680.bmp,84,0,20,0,0,0,1,0,1
0000001681.bmp,85,0,1,0,0,0,1,0,1
0000001682.bmp,85,0,2,0,0,0,1,0,1
0000001683.bmp,85,0,3,0,0,0,1,0,1
0000001684.bmp,85,0,4,0,0,0,1,0,1
0000001685.bmp,85,0,5,0,0,0,1,0,1
0000001686.bmp,85,0,6,0,0,0,1,0,1
0000001687.bmp,85,0,7,0,0,0,1,0,1
0000001688.bmp,85,0,8,0,0,0,1,0,1
0000001689.bmp,85,0,9,0,0,0,1,0,1
0000001690.bmp,85,0,10,0,0,0,1,0,1
0000001691.bmp,85,0,11,0,0,0,1,0,1
0000001692.bmp,85,0,12,0,0,0,1,0,1
0000001693.bmp,85,0,13,0,0,0,1,0,1
0000001694.bmp,85,0,14,0,0,0,1,0,1
0000001695.bmp,85,0,15,0,0,0,1,0,1
0000001696.bmp,85,0,16,0,0,0,1,0,1
0000001697.bmp,85,0,17,0,0,0,1,0,1
0000001698.bmp,85,0,18,0,0,0,1,0,1
0000001699.bmp,85,0,19,0,0,0,1,0,1
0000001700.bmp,85,0,20,0,0,0,1,0,1
0000001701.bmp,86,0,1,0,0,0,1,0,1
0000001702.bmp,86,0,2,0,0,0,1,0,1
0000001703.bmp,86,0,3,0,0,0,1,0,1
0000001704.bmp,86,0,4,0,0,0,1,0,1
0000001705.bmp,86,0,5,0,0,0,1,0,1
0000001706.bmp,86,0,6,0,0,0,1,0,1
0000001707.bmp,86,0,7,0,0,0,1,0,1
0000001708.bmp,86,0,8,0,0,0,1,0,1
0000001709.bmp,86,0,9,0,0,0,1,0,1
0000001710.bmp,86,0,10,0,0,0,1,0,1
0000001711.bmp,86,0,11,0,0,0,1,0,1
0000001712.bmp,86,0,12,0,0,0,1,0,1
0000001713.bmp,86,0,13,0,0,0,1,0,1
0000001714.bmp,86,0,14,0,0,0,1,0,1
0000001715.bmp,86,0,15,0,0,0,1,0,1
0000001716.bmp,86,0,16,0,0,0,1,0,1
0000001717.bmp,86,0,17,0,0,0,1,0,1
0000001718.bmp,86,0,18,0,0,0,1,0,1
0000001719.bmp,86,0,19,0,0,0,1,0,1
0000001720.bmp,86,0,20,0,0,0,1,0,1
0000001721.bmp,87,0,1,0,0,0,1,0,1
0000001722.bmp,87,0,2,0,0,0,1,0,1
0000001723.bmp,87,0,3,0,0,0,1,0,1
0000001724.bmp,87,0,4,0,0,0,1,0,1
0000001725.bmp,87,0,5,0,0,0,1,0,1
0000001726.bmp,87,0,6,0,0,0,1,0,1
0000001727.bmp,87,0,7,0,0,0,1,0,1
0000001728.bmp,87,0,8,0,0,0,1,0,1
0000001729.bmp,87,0,9,0,0,0,1,0,1
0000001730.bmp,87,0,10,0,0,0,1,0,1
0000001731.bmp,87,0,11,0,0,0,1,0,1
0000001732.bmp,87,0,12,0,0,0,1,0,1
0000001733.bmp,87,0,13,0,0,0,1,0,1
0000001734.bmp,87,0,14,0,0,0,1,0,1
0000001735.bmp,87,0,15,0,0,0,1,0,1
0000001736.bmp,87,0,16,0,0,0,1,0,1
0000001737.bmp,87,0,17,0,0,0,1,0,1
0000001738.bmp,87,0,18,0,0,0,1,0,1
0000001739.bmp,87,0,19,0,0,0,1,0,1
0000001740.bmp,87,0,20,0,0,0,1,0,1
0000001741.bmp,88,0,1,0,0,0,1,0,1
0000001742.bmp,88,0,2,0,0,0,1,0,1
0000001743.bmp,88,0,3,0,0,0,1,0,1
0000001744.bmp,88,0,4,0,0,0,1,0,1
0000001745.bmp,88,0,5,0,0,0,1,0,1
0000001746.bmp,88,0,6,0,0,0,1,0,1
0000001747.bmp,88,0,7,0,0,0,1,0,1
0000001748.bmp,88,0,8,0,0,0,1,0,1
0000001749.bmp,88,0,9,0,0,0,1,0,1
0000001750.bmp,88,0,10,0,0,0,1,0,1
0000001751.bmp,88,0,11,0,0,0,1,0,1
0000001752.bmp,88,0,12,0,0,0,1,0,1
0000001753.bmp,88,0,13,0,0,0,1,0,1
0000001754.bmp,88,0,14,0,0,0,1,0,1
0000001755.bmp,88,0,15,0,0,0,1,0,1
0000001756.bmp,88,0,16,0,0,0,1,0,1
0000001757.bmp,88,0,17,0,0,0,1,0,1
0000001758.bmp,88,0,18,0,0,0,1,0,1
0000001759.bmp,88,0,19,0,0,0,1,0,1
0000001760.bmp,88,0,20,0,0,0,1,0,1
0000001761.bmp,89,0,1,0,0,0,1,0,1
0000001762.bmp,89,0,2,0,0,0,1,0,1
0000001763.bmp,89,0,3,0,0,0,1,0,1
0000001764.bmp,89,0,4,0,0,0,1,0,1
0000001765.bmp,89,0,5,0,0,0,1,0,1
0000001766.bmp,89,0,6,0,0,0,1,0,1
0000001767.bmp,89,0,7,0,0,0,1,0,1
0000001768.bmp,89,0,8,0,0,0,1,0,1
0000001769.bmp,89,0,9,0,0,0,1,0,1
0000001770.bmp,89,0,10,0,0,0,1,0,1
0000001771.bmp,89,0,11,0,0,0,1,0,1
0000001772.bmp,89,0,12,0,0,0,1,0,1
0000001773.bmp,89,0,13,0,0,0,1,0,1
0000001774.bmp,89,0,14,0,0,0,1,0,1
0000001775.bmp,89,0,15,0,0,0,1,0,1
0000001776.bmp,89,0,16,0,0,0,1,0,1
0000001777.bmp,89,0,17,0,0,0,1,0,1
0000001778.bmp,89,0,18,0,0,0,1,0,1
0000001779.bmp,89,0,19,0,0,0,1,0,1
0000001780.bmp,89,0,20,0,0,0,1,0,1
0000001781.bmp,90,0,1,0,0,0,1,0,1
0000001782.bmp,90,0,2,0,0,0,1,0,1
0000001783.bmp,90,0,3,0,0,0,1,0,1
0000001784.bmp,90,0,4,0,0,0,1,0,1
0000001785.bmp,90,0,5,0,0,0,1,0,1
0000001786.bmp,90,0,6,0,0,0,1,0,1
0000001787.bmp,90,0,7,0,0,0,1,0,1
0000001788.bmp,90,0,8,0,0,0,1,0,1
0000001789.bmp,90,0,9,0,0,0,1,0,1
0000001790.bmp,90,0,10,0,0,0,1,0,1
0000001791.bmp,90,0,11,0,0,0,1,0,1
0000001792.bmp,90,0,12,0,0,0,1,0,1
0000001793.bmp,90,0,13,0,0,0,1,0,1
0000001794.bmp,90,0,14,0,0,0,1,0,1
0000001795.bmp,90,0,15,0,0,0,1,0,1
0000001796.bmp,90,0,16,0,0,0,1,0,1
0000001797.bmp,90,0,17,0,0,0,1,0,1
0000001798.bmp,90,0,18,0,0,0,1,0,1
0000001799.bmp,90,0,19,0,0,0,1,0,1
0000001800.bmp,90,0,20,0,0,0,1,0,1
0000001801.bmp,91,0,1,0,0,0,1,0,1
0000001802.bmp,91,0,2,0,0,0,1,0,1
0000001803.bmp,91,0,3,0,0,0,1,0,1
0000001804.bmp,91,0,4,0,0,0,1,0,1
0000001805.bmp,91,0,5,0,0,0,1,0,1
0000001806.bmp,91,0,6,0,0,0,1,0,1
0000001807.bmp,91,0,7,0,0,0,1,0,1
0000001808.bmp,91,0,8,0,0,0,1,0,1
0000001809.bmp,91,0,9,0,0,0,1,0,1
0000001810.bmp,91,0,10,0,0,0,1,0,1
0000001811.bmp,91,0,11,0,0,0,1,0,1
0000001812.bmp,91,0,12,0,0,0,1,0,1
0000001813.bmp,91,0,13,0,0,0,1,0,1
0000001814.bmp,91,0,14,0,0,0,1,0,1
0000001815.bmp,91,0,15,0,0,0,1,0,1
0000001816.bmp,91,0,16,0,0,0,1,0,1
0000001817.bmp,91,0,17,0,0,0,1,0,1
0000001818.bmp,91,0,18,0,0,0,1,0,1
0000001819.bmp,91,0,19,0,0,0,1,0,1
0000001820.bmp,91,0,20,0,0,0,1,0,1
0000001821.bmp,92,0,1,0,0,0,1,0,1
0000001822.bmp,92,0,2,0,0,0,1,0,1
0000001823.bmp,92,0,3,0,0,0,1,0,1
0000001824.bmp,92,0,4,0,0,0,1,0,1
0000001825.bmp,92,0,5,0,0,0,1,0,1
0000001826.bmp,92,0,6,0,0,0,1,0,1
0000001827.bmp,92,0,7,0,0,0,1,0,1
0000001828.bmp,92,0,8,0,0,0,1,0,1
0000001829.bmp,92,0,9,0,0,0,1,0,1
0000001830.bmp,92,0,10,0,0,0,1,0,1
0000001831.bmp,92,0,11,0,0,0,1,0,1
0000001832.bmp,92,0,12,0,0,0,1,0,1
0000001833.bmp,92,0,13,0,0,0,1,0,1
0000001834.bmp,92,0,14,0,0,0,1,0,1
0000001835.bmp,92,0,15,0,0,0,1,0,1
0000001836.bmp,92,0,16,0,0,0,1,0,1
0000001837.bmp,92,0,17,0,0,0,1,0,1
0000001838.bmp,92,0,18,0,0,0,1,0,1
0000001839.bmp,92,0,19,0,0,0,1,0,1
0000001840.bmp,92,0,20,0,0,0,1,0,1
0000001841.bmp,93,0,1,0,0,0,1,0,1
0000001842.bmp,93,0,2,0,0,0,1,0,1
0000001843.bmp,93,0,3,0,0,0,1,0,1
0000001844.bmp,93,0,4,0,0,0,1,0,1
0000001845.bmp,93,0,5,0,0,0,1,0,1
0000001846.bmp,93,0,6,0,0,0,1,0,1
0000001847.bmp,93,0,7,0,0,0,1,0,1
0000001848.bmp,93,0,8,0,0,0,1,0,1
0000001849.bmp,93,0,9,0,0,0,1,0,1
0000001850.bmp,93,0,10,0,0,0,1,0,1
0000001851.bmp,93,0,11,0,0,0,1,0,1
0000001852.bmp,93,0,12,0,0,0,1,0,1
0000001853.bmp,93,0,13,0,0,0,1,0,1
0000001854.bmp,93,0,14,0,0,0,1,0,1
0000001855.bmp,93,0,15,0,0,0,1,0,1
0000001856.bmp,93,0,16,0,0,0,1,0,1
0000001857.bmp,93,0,17,0,0,0,1,0,1
0000001858.bmp,93,0,18,0,0,0,1,0,1
0000001859.bmp,93,0,19,0,0,0,1,0,1
0000001860.bmp,93,0,20,0,0,0,1,0,1
0000001861.bmp,94,0,1,0,0,0,1,0,1
0000001862.bmp,94,0,2,0,0,0,1,0,1
0000001863.bmp,94,0,3,0,0,0,1,0,1
0000001864.bmp,94,0,4,0,0,0,1,0,1
0000001865.bmp,94,0,5,0,0,0,1,0,1
0000001866.bmp,94,0,6,0,0,0,1,0,1
0000001867.bmp,94,0,7,0,0,0,1,0,1
0000001868.bmp,94,0,8,0,0,0,1,0,1
0000001869.bmp,94,0,9,0,0,0,1,0,1
0000001870.bmp,94,0,10,0,0,0,1,0,1
0000001871.bmp,94,0,11,0,0,0,1,0,1
0000001872.bmp,94,0,12,0,0,0,1,0,1
0000001873.bmp,94,0,13,0,0,0,1,0,1
0000001874.bmp,94,0,14,0,0,0,1,0,1
0000001875.bmp,94,0,15,0,0,0,1,0,1
0000001876.bmp,94,0,16,0,0,0,1,0,1
0000001877.bmp,94,0,17,0,0,0,1,0,1
0000001878.bmp,94,0,18,0,0,0,1,0,1
0000001879.bmp,94,0,19,0,0,0,1,0,1
0000001880.bmp,94,0,20,0,0,0,1,0,1
0000001881.bmp,95,0,1,0,0,0,1,0,1
0000001882.bmp,95,0,2,0,0,0,1,0,1
0000001883.bmp,95,0,3,0,0,0,1,0,1
0000001884.bmp,95,0,4,0,0,0,1,0,1
0000001885.bmp,95,0,5,0,0,0,1,0,1
0000001886.bmp,95,0,6,0,0,0,1,0,1
0000001887.bmp,95,0,7,0,0,0,1,0,1
0000001888.bmp,95,0,8,0,0,0,1,0,1
0000001889.bmp,95,0,9,0,0,0,1,0,1
0000001890.bmp,95,0,10,0,0,0,1,0,1
0000001891.bmp,95,0,11,0,0,0,1,0,1
0000001892.bmp,95,0,12,0,0,0,1,0,1
0000001893.bmp,95,0,13,0,0,0,1,0,1
0000001894.bmp,95,0,14,0,0,0,1,0,1
0000001895.bmp,95,0,15,0,0,0,1,0,1
0000001896.bmp,95,0,16,0,0,0,1,0,1
0000001897.bmp,95,0,17,0,0,0,1,0,1
0000001898.bmp,95,0,18,0,0,0,1,0,1
0000001899.bmp,95,0,19,0,0,0,1,0,1
0000001900.bmp,95,0,20,0,0,0,1,0,1
0000001901.bmp,96,0,1,0,0,0,1,0,1
0000001902.bmp,96,0,2,0,0,0,1,0,1
0000001903.bmp,96,0,3,0,0,0,1,0,1
0000001904.bmp,96,0,4,0,0,0,1,0,1
0000001905.bmp,96,0,5,0,0,0,1,0,1
0000001906.bmp,96,0,6,0,0,0,1,0,1
0000001907.bmp,96,0,7,0,0,0,1,0,1
0000001908.bmp,96,0,8,0,0,0,1,0,1
0000001909.bmp,96,0,9,0,0,0,1,0,1
0000001910.bmp,96,0,10,0,0,0,1,0,1
0000001911.bmp,96,0,11,0,0,0,1,0,1
0000001912.bmp,96,0,12,0,0,0,1,0,1
0000001913.bmp,96,0,13,0,0,0,1,0,1
0000001914.bmp,96,0,14,0,0,0,1,0,1
0000001915.bmp,96,0,15,0,0,0,1,0,1
0000001916.bmp,96,0,16,0,0,0,1,0,1
0000001917.bmp,96,0,17,0,0,0,1,0,1
0000001918.bmp,96,0,18,0,0,0,1,0,1
0000001919.bmp,96,0,19,0,0,0,1,0,1
0000001920.bmp,96,0,20,0,0,0,1,0,1
0000001921.bmp,97,0,1,0,0,0,1,0,1
0000001922.bmp,97,0,2,0,0,0,1,0,1
0000001923.bmp,97,0,3,0,0,0,1,0,1
0000001924.bmp,97,0,4,0,0,0,1,0,1
0000001925.bmp,97,0,5,0,0,0,1,0,1
0000001926.bmp,97,0,6,0,0,0,1,0,1
0000001927.bmp,97,0,7,0,0,0,1,0,1
0000001928.bmp,97,0,8,0,0,0,1,0,1
0000001929.bmp,97,0,9,0,0,0,1,0,1
0000001930.bmp,97,0,10,0,0,0,1,0,1
0000001931.bmp,97,0,11,0,0,0,1,0,1
0000001932.bmp,97,0,12,0,0,0,1,0,1
0000001933.bmp,97,0,13,0,0,0,1,0,1
0000001934.bmp,97,0,14,0,0,0,1,0,1
0000001935.bmp,97,0,15,0,0,0,1,0,1
0000001936.bmp,97,0,16,0,0,0,1,0,1
0000001937.bmp,97,0,17,0,0,0,1,0,1
0000001938.bmp,97,0,18,0,0,0,1,0,1
0000001939.bmp,97,0,19,0,0,0,1,0,1
0000001940.bmp,97,0,20,0,0,0,1,0,1
0000001941.bmp,98,0,1,0,0,0,1,0,1
0000001942.bmp,98,0,2,0,0,0,1,0,1
0000001943.bmp,98,0,3,0,0,0,1,0,1
0000001944.bmp,98,0,4,0,0,0,1,0,1
0000001945.bmp,98,0,5,0,0,0,1,0,1
0000001946.bmp,98,0,6,0,0,0,1,0,1
0000001947.bmp,98,0,7,0,0,0,1,0,1
0000001948.bmp,98,0,8,0,0,0,1,0,1
0000001949.bmp,98,0,9,0,0,0,1,0,1
0000001950.bmp,98,0,10,0,0,0,1,0,1
0000001951.bmp,98,0,11,0,0,0,1,0,1
0000001952.bmp,98,0,12,0,0,0,1,0,1
0000001953.bmp,98,0,13,0,0,0,1,0,1
0000001954.bmp,98,0,14,0,0,0,1,0,1
0000001955.bmp,98,0,15,0,0,0,1,0,1
0000001956.bmp,98,0,16,0,0,0,1,0,1
0000001957.bmp,98,0,17,0,0,0,1,0,1
0000001958.bmp,98,0,18,0,0,0,1,0,1
0000001959.bmp,98,0,19,0,0,0,1,0,1
0000001960.bmp,98,0,20,0,0,0,1,0,1
0000001961.bmp,99,0,1,0,0,0,1,0,1
0000001962.bmp,99,0,2,0,0,0,1,0,1
0000001963.bmp,99,0,3,0,0,0,1,0,1
0000001964.bmp,99,0,4,0,0,0,1,0,1
0000001965.bmp,99,0,5,0,0,0,1,0,1
0000001966.bmp,99,0,6,0,0,0,1,0,1
0000001967.bmp,99,0,7,0,0,0,1,0,1
0000001968.bmp,99,0,8,0,0,0,1,0,1
0000001969.bmp,99,0,9,0,0,0,1,0,1
0000001970.bmp,99,0,10,0,0,0,1,0,1
0000001971.bmp,99,0,11,0,0,0,1,0,1
0000001972.bmp,99,0,12,0,0,0,1,0,1
0000001973.bmp,99,0,13,0,0,0,1,0,1
0000001974.bmp,99,0,14,0,0,0,1,0,1
0000001975.bmp,99,0,15,0,0,0,1,0,1
0000001976.bmp,99,0,16,0,0,0,1,0,1
0000001977.bmp,99,0,17,0,0,0,1,0,1
0000001978.bmp,99,0,18,0,0,0,1,0,1
0000001979.bmp,99,0,19,0,0,0,1,0,1
0000001980.bmp,99,0,20,0,0,0,1,0,1
0000001981.bmp,100,0,1,0,0,0,1,0,1
0000001982.bmp,100,0,2,0,0,0,1,0,1
0000001983.bmp,100,0,3,0,0,0,1,0,1
0000001984.bmp,100,0,4,0,0,0,1,0,1
0000001985.bmp,100,0,5,0,0,0,1,0,1
0000001986.bmp,100,0,6,0,0,0,1,0,1
0000001987.bmp,100,0,7,0,0,0,1,0,1
0000001988.bmp,100,0,8,0,0,0,1,0,1
0000001989.bmp,100,0,9,0,0,0,1,0,1
0000001990.bmp,100,0,10,0,0,0,1,0,1
0000001991.bmp,100,0,11,0,0,0,1,0,1
0000001992.bmp,100,0,12,0,0,0,1,0,1
0000001993.bmp,100,0,13,0,0,0,1,0,1
0000001994.bmp,100,0,14,0,0,0,1,0,1
0000001995.bmp,100,0,15,0,0,0,1,0,1
0000001996.bmp,100,0,16,0,0,0,1,0,1
0000001997.bmp,100,0,17,0,0,0,1,0,1
0000001998.bmp,100,0,18,0,0,0,1,0,1
0000001999.bmp,100,0,19,0,0,0,1,0,1
0000002000.bmp,100,0,20,0,0,0,1,0,1
0000002001.bmp,101,0,1,0,0,0,1,0,1
0000002002.bmp,101,0,2,0,0,0,1,0,1
0000002003.bmp,101,0,3,0,0,0,1,0,1
0000002004.bmp,101,0,4,0,0,0,1,0,1
0000002005.bmp,101,0,5,0,0,0,1,0,1
0000002006.bmp,101,0,6,0,0,0,1,0,1
0000002007.bmp,101,0,7,0,0,0,1,0,1
0000002008.bmp,101,0,8,0,0,0,1,0,1
0000002009.bmp,101,0,9,0,0,0,1,0,1
0000002010.bmp,101,0,10,0,0,0,1,0,1
0000002011.bmp,101,0,11,0,0,0,1,0,1
0000002012.bmp,101,0,12,0,0,0,1,0,1
0000002013.bmp,101,0,13,0,0,0,1,0,1
0000002014.bmp,101,0,14,0,0,0,1,0,1
0000002015.bmp,101,0,15,0,0,0,1,0,1
0000002016.bmp,101,0,16,0,0,0,1,0,1
0000002017.bmp,101,0,17,0,0,0,1,0,1
0000002018.bmp,101,0,18,0,0,0,1,0,1
0000002019.bmp,101,0,19,0,0,0,1,0,1
0000002020.bmp,101,0,20,0,0,0,1,0,1
0000002021.bmp,102,0,1,0,0,0,1,0,1
0000002022.bmp,102,0,2,0,0,0,1,0,1
0000002023.bmp,102,0,3,0,0,0,1,0,1
0000002024.bmp,102,0,4,0,0,0,1,0,1
0000002025.bmp,102,0,5,0,0,0,1,0,1
0000002026.bmp,102,0,6,0,0,0,1,0,1
0000002027.bmp,102,0,7,0,0,0,1,0,1
0000002028.bmp,102,0,8,0,0,0,1,0,1
0000002029.bmp,102,0,9,0,0,0,1,0,1
0000002030.bmp,102,0,10,0,0,0,1,0,1
0000002031.bmp,102,0,11,0,0,0,1,0,1
0000002032.bmp,102,0,12,0,0,0,1,0,1
0000002033.bmp,102,0,13,0,0,0,1,0,1
0000002034.bmp,102,0,14,0,0,0,1,0,1
0000002035.bmp,102,0,15,0,0,0,1,0,1
0000002036.bmp,102,0,16,0,0,0,1,0,1
0000002037.bmp,102,0,17,0,0,0,1,0,1
0000002038.bmp,102,0,18,0,0,0,1,0,1
0000002039.bmp,102,0,19,0,0,0,1,0,1
0000002040.bmp,102,0,20,0,0,0,1,0,1
0000002041.bmp,103,0,1,0,0,0,1,0,1
0000002042.bmp,103,0,2,0,0,0,1,0,1
0000002043.bmp,103,0,3,0,0,0,1,0,1
0000002044.bmp,103,0,4,0,0,0,1,0,1
0000002045.bmp,103,0,5,0,0,0,1,0,1
0000002046.bmp,103,0,6,0,0,0,1,0,1
0000002047.bmp,103,0,7,0,0,0,1,0,1
0000002048.bmp,103,0,8,0,0,0,1,0,1
0000002049.bmp,103,0,9,0,0,0,1,0,1
0000002050.bmp,103,0,10,0,0,0,1,0,1
0000002051.bmp,103,0,11,0,0,0,1,0,1
0000002052.bmp,103,0,12,0,0,0,1,0,1
0000002053.bmp,103,0,13,0,0,0,1,0,1
0000002054.bmp,103,0,14,0,0,0,1,0,1
0000002055.bmp,103,0,15,0,0,0,1,0,1
0000002056.bmp,103,0,16,0,0,0,1,0,1
0000002057.bmp,103,0,17,0,0,0,1,0,1
0000002058.bmp,103,0,18,0,0,0,1,0,1
0000002059.bmp,103,0,19,0,0,0,1,0,1
0000002060.bmp,103,0,20,0,0,0,1,0,1
0000002061.bmp,104,0,1,0,0,0,1,0,1
0000002062.bmp,104,0,2,0,0,0,1,0,1
0000002063.bmp,104,0,3,0,0,0,1,0,1
0000002064.bmp,104,0,4,0,0,0,1,0,1
0000002065.bmp,104,0,5,0,0,0,1,0,1
0000002066.bmp,104,0,6,0,0,0,1,0,1
0000002067.bmp,104,0,7,0,0,0,1,0,1
0000002068.bmp,104,0,8,0,0,0,1,0,1
0000002069.bmp,104,0,9,0,0,0,1,0,1
0000002070.bmp,104,0,10,0,0,0,1,0,1
0000002071.bmp,104,0,11,0,0,0,1,0,1
0000002072.bmp,104,0,12,0,0,0,1,0,1
0000002073.bmp,104,0,13,0,0,0,1,0,1
0000002074.bmp,104,0,14,0,0,0,1,0,1
0000002075.bmp,104,0,15,0,0,0,1,0,1
0000002076.bmp,104,0,16,0,0,0,1,0,1
0000002077.bmp,104,0,17,0,0,0,1,0,1
0000002078.bmp,104,0,18,0,0,0,1,0,1
0000002079.bmp,104,0,19,0,0,0,1,0,1
0000002080.bmp,104,0,20,0,0,0,1,0,1
0000002081.bmp,105,0,1,0,0,0,1,0,1
0000002082.bmp,105,0,2,0,0,0,1,0,1
0000002083.bmp,105,0,3,0,0,0,1,0,1
0000002084.bmp,105,0,4,0,0,0,1,0,1
0000002085.bmp,105,0,5,0,0,0,1,0,1
0000002086.bmp,105,0,6,0,0,0,1,0,1
0000002087.bmp,105,0,7,0,0,0,1,0,1
0000002088.bmp,105,0,8,0,0,0,1,0,1
0000002089.bmp,105,0,9,0,0,0,1,0,1
0000002090.bmp,105,0,10,0,0,0,1,0,1
0000002091.bmp,105,0,11,0,0,0,1,0,1
0000002092.bmp,105,0,12,0,0,0,1,0,1
0000002093.bmp,105,0,13,0,0,0,1,0,1
0000002094.bmp,105,0,14,0,0,0,1,0,1
0000002095.bmp,105,0,15,0,0,0,1,0,1
0000002096.bmp,105,0,16,0,0,0,1,0,1
0000002097.bmp,105,0,17,0,0,0,1,0,1
0000002098.bmp,105,0,18,0,0,0,1,0,1
0000002099.bmp,105,0,19,0,0,0,1,0,1
0000002100.bmp,105,0,20,0,0,0,1,0,1
0000002101.bmp,106,0,1,0,0,0,1,0,1
0000002102.bmp,106,0,2,0,0,0,1,0,1
0000002103.bmp,106,0,3,0,0,0,1,0,1
0000002104.bmp,106,0,4,0,0,0,1,0,1
0000002105.bmp,106,0,5,0,0,0,1,0,1
0000002106.bmp,106,0,6,0,0,0,1,0,1
0000002107.bmp,106,0,7,0,0,0,1,0,1
0000002108.bmp,106,0,8,0,0,0,1,0,1
0000002109.bmp,106,0,9,0,0,0,1,0,1
0000002110.bmp,106,0,10,0,0,0,1,0,1
0000002111.bmp,106,0,11,0,0,0,1,0,1
0000002112.bmp,106,0,12,0,0,0,1,0,1
0000002113.bmp,106,0,13,0,0,0,1,0,1
0000002114.bmp,106,0,14,0,0,0,1,0,1
0000002115.bmp,106,0,15,0,0,0,1,0,1
0000002116.bmp,106,0,16,0,0,0,1,0,1
0000002117.bmp,106,0,17,0,0,0,1,0,1
0000002118.bmp,106,0,18,0,0,0,1,0,1
0000002119.bmp,106,0,19,0,0,0,1,0,1
0000002120.bmp,106,0,20,0,0,0,1,0,1
0000002121.bmp,107,0,1,0,0,0,1,0,1
0000002122.bmp,107,0,2,0,0,0,1,0,1
0000002123.bmp,107,0,3,0,0,0,1,0,1
0000002124.bmp,107,0,4,0,0,0,1,0,1
0000002125.bmp,107,0,5,0,0,0,1,0,1
0000002126.bmp,107,0,6,0,0,0,1,0,1
0000002127.bmp,107,0,7,0,0,0,1,0,1
0000002128.bmp,107,0,8,0,0,0,1,0,1
0000002129.bmp,107,0,9,0,0,0,1,0,1
0000002130.bmp,107,0,10,0,0,0,1,0,1
0000002131.bmp,107,0,11,0,0,0,1,0,1
0000002132.bmp,107,0,12,0,0,0,1,0,1
0000002133.bmp,107,0,13,0,0,0,1,0,1
0000002134.bmp,107,0,14,0,0,0,1,0,1
0000002135.bmp,107,0,15,0,0,0,1,0,1
0000002136.bmp,107,0,16,0,0,0,1,0,1
0000002137.bmp,107,0,17,0,0,0,1,0,1
0000002138.bmp,107,0,18,0,0,0,1,0,1
0000002139.bmp,107,0,19,0,0,0,1,0,1
0000002140.bmp,107,0,20,0,0,0,1,0,1
0000002141.bmp,108,0,1,0,0,0,1,0,1
0000002142.bmp,108,0,2,0,0,0,1,0,1
0000002143.bmp,108,0,3,0,0,0,1,0,1
0000002144.bmp,108,0,4,0,0,0,1,0,1
0000002145.bmp,108,0,5,0,0,0,1,0,1
0000002146.bmp,108,0,6,0,0,0,1,0,1
0000002147.bmp,108,0,7,0,0,0,1,0,1
0000002148.bmp,108,0,8,0,0,0,1,0,1
0000002149.bmp,108,0,9,0,0,0,1,0,1
0000002150.bmp,108,0,10,0,0,0,1,0,1
0000002151.bmp,108,0,11,0,0,0,1,0,1
0000002152.bmp,108,0,12,0,0,0,1,0,1
0000002153.bmp,108,0,13,0,0,0,1,0,1
0000002154.bmp,108,0,14,0,0,0,1,0,1
0000002155.bmp,108,0,15,0,0,0,1,0,1
0000002156.bmp,108,0,16,0,0,0,1,0,1
0000002157.bmp,108,0,17,0,0,0,1,0,1
0000002158.bmp,108,0,18,0,0,0,1,0,1
0000002159.bmp,108,0,19,0,0,0,1,0,1
0000002160.bmp,108,0,20,0,0,0,1,0,1
0000002161.bmp,109,0,1,0,0,0,1,0,1
0000002162.bmp,109,0,2,0,0,0,1,0,1
0000002163.bmp,109,0,3,0,0,0,1,0,1
0000002164.bmp,109,0,4,0,0,0,1,0,1
0000002165.bmp,109,0,5,0,0,0,1,0,1
0000002166.bmp,109,0,6,0,0,0,1,0,1
0000002167.bmp,109,0,7,0,0,0,1,0,1
0000002168.bmp,109,0,8,0,0,0,1,0,1
0000002169.bmp,109,0,9,0,0,0,1,0,1
0000002170.bmp,109,0,10,0,0,0,1,0,1
0000002171.bmp,109,0,11,0,0,0,1,0,1
0000002172.bmp,109,0,12,0,0,0,1,0,1
0000002173.bmp,109,0,13,0,0,0,1,0,1
0000002174.bmp,109,0,14,0,0,0,1,0,1
0000002175.bmp,109,0,15,0,0,0,1,0,1
0000002176.bmp,109,0,16,0,0,0,1,0,1
0000002177.bmp,109,0,17,0,0,0,1,0,1
0000002178.bmp,109,0,18,0,0,0,1,0,1
0000002179.bmp,109,0,19,0,0,0,1,0,1
0000002180.bmp,109,0,20,0,0,0,1,0,1
0000002181.bmp,110,0,1,0,0,0,1,0,1
0000002182.bmp,110,0,2,0,0,0,1,0,1
0000002183.bmp,110,0,3,0,0,0,1,0,1
0000002184.bmp,110,0,4,0,0,0,1,0,1
0000002185.bmp,110,0,5,0,0,0,1,0,1
0000002186.bmp,110,0,6,0,0,0,1,0,1
0000002187.bmp,110,0,7,0,0,0,1,0,1
0000002188.bmp,110,0,8,0,0,0,1,0,1
0000002189.bmp,110,0,9,0,0,0,1,0,1
0000002190.bmp,110,0,10,0,0,0,1,0,1
0000002191.bmp,110,0,11,0,0,0,1,0,1
0000002192.bmp,110,0,12,0,0,0,1,0,1
0000002193.bmp,110,0,13,0,0,0,1,0,1
0000002194.bmp,110,0,14,0,0,0,1,0,1
0000002195.bmp,110,0,15,0,0,0,1,0,1
0000002196.bmp,110,0,16,0,0,0,1,0,1
0000002197.bmp,110,0,17,0,0,0,1,0,1
0000002198.bmp,110,0,18,0,0,0,1,0,1
0000002199.bmp,110,0,19,0,0,0,1,0,1
0000002200.bmp,110,0,20,0,0,0,1,0,1
0000002201.bmp,111,0,1,0,0,0,1,0,1
0000002202.bmp,111,0,2,0,0,0,1,0,1
0000002203.bmp,111,0,3,0,0,0,1,0,1
0000002204.bmp,111,0,4,0,0,0,1,0,1
0000002205.bmp,111,0,5,0,0,0,1,0,1
0000002206.bmp,111,0,6,0,0,0,1,0,1
0000002207.bmp,111,0,7,0,0,0,1,0,1
0000002208.bmp,111,0,8,0,0,0,1,0,1
0000002209.bmp,111,0,9,0,0,0,1,0,1
0000002210.bmp,111,0,10,0,0,0,1,0,1
0000002211.bmp,111,0,11,0,0,0,1,0,1
0000002212.bmp,111,0,12,0,0,0,1,0,1
0000002213.bmp,111,0,13,0,0,0,1,0,1
0000002214.bmp,111,0,14,0,0,0,1,0,1
0000002215.bmp,111,0,15,0,0,0,1,0,1
0000002216.bmp,111,0,16,0,0,0,1,0,1
0000002217.bmp,111,0,17,0,0,0,1,0,1
0000002218.bmp,111,0,18,0,0,0,1,0,1
0000002219.bmp,111,0,19,0,0,0,1,0,1
0000002220.bmp,111,0,20,0,0,0,1,0,1
0000002221.bmp,112,0,1,0,0,0,1,0,1
0000002222.bmp,112,0,2,0,0,0,1,0,1
0000002223.bmp,112,0,3,0,0,0,1,0,1
0000002224.bmp,112,0,4,0,0,0,1,0,1
0000002225.bmp,112,0,5,0,0,0,1,0,1
0000002226.bmp,112,0,6,0,0,0,1,0,1
0000002227.bmp,112,0,7,0,0,0,1,0,1
0000002228.bmp,112,0,8,0,0,0,1,0,1
0000002229.bmp,112,0,9,0,0,0,1,0,1
0000002230.bmp,112,0,10,0,0,0,1,0,1
0000002231.bmp,112,0,11,0,0,0,1,0,1
0000002232.bmp,112,0,12,0,0,0,1,0,1
0000002233.bmp,112,0,13,0,0,0,1,0,1
0000002234.bmp,112,0,14,0,0,0,1,0,1
0000002235.bmp,112,0,15,0,0,0,1,0,1
0000002236.bmp,112,0,16,0,0,0,1,0,1
0000002237.bmp,112,0,17,0,0,0,1,0,1
0000002238.bmp,112,0,18,0,0,0,1,0,1
0000002239.bmp,112,0,19,0,0,0,1,0,1
0000002240.bmp,112,0,20,0,0,0,1,0,1
0000002241.bmp,113,0,1,0,0,0,1,0,1
0000002242.bmp,113,0,2,0,0,0,1,0,1
0000002243.bmp,113,0,3,0,0,0,1,0,1
0000002244.bmp,113,0,4,0,0,0,1,0,1
0000002245.bmp,113,0,5,0,0,0,1,0,1
0000002246.bmp,113,0,6,0,0,0,1,0,1
0000002247.bmp,113,0,7,0,0,0,1,0,1
0000002248.bmp,113,0,8,0,0,0,1,0,1
0000002249.bmp,113,0,9,0,0,0,1,0,1
0000002250.bmp,113,0,10,0,0,0,1,0,1
0000002251.bmp,113,0,11,0,0,0,1,0,1
0000002252.bmp,113,0,12,0,0,0,1,0,1
0000002253.bmp,113,0,13,0,0,0,1,0,1
0000002254.bmp,113,0,14,0,0,0,1,0,1
0000002255.bmp,113,0,15,0,0,0,1,0,1
0000002256.bmp,113,0,16,0,0,0,1,0,1
0000002257.bmp,113,0,17,0,0,0,1,0,1
0000002258.bmp,113,0,18,0,0,0,1,0,1
0000002259.bmp,113,0,19,0,0,0,1,0,1
0000002260.bmp,113,0,20,0,0,0,1,0,1
0000002261.bmp,114,0,1,0,0,0,1,0,1
0000002262.bmp,114,0,2,0,0,0,1,0,1
0000002263.bmp,114,0,3,0,0,0,1,0,1
0000002264.bmp,114,0,4,0,0,0,1,0,1
0000002265.bmp,114,0,5,0,0,0,1,0,1
0000002266.bmp,114,0,6,0,0,0,1,0,1
0000002267.bmp,114,0,7,0,0,0,1,0,1
0000002268.bmp,114,0,8,0,0,0,1,0,1
0000002269.bmp,114,0,9,0,0,0,1,0,1
0000002270.bmp,114,0,10,0,0,0,1,0,1
0000002271.bmp,114,0,11,0,0,0,1,0,1
0000002272.bmp,114,0,12,0,0,0,1,0,1
0000002273.bmp,114,0,13,0,0,0,1,0,1
0000002274.bmp,114,0,14,0,0,0,1,0,1
0000002275.bmp,114,0,15,0,0,0,1,0,1
0000002276.bmp,114,0,16,0,0,0,1,0,1
0000002277.bmp,114,0,17,0,0,0,1,0,1
0000002278.bmp,114,0,18,0,0,0,1,0,1
0000002279.bmp,114,0,19,0,0,0,1,0,1
0000002280.bmp,114,0,20,0,0,0,1,0,1
0000002281.bmp,115,0,1,0,0,0,1,0,1
0000002282.bmp,115,0,2,0,0,0,1,0,1
0000002283.bmp,115,0,3,0,0,0,1,0,1
0000002284.bmp,115,0,4,0,0,0,1,0,1
0000002285.bmp,115,0,5,0,0,0,1,0,1
0000002286.bmp,115,0,6,0,0,0,1,0,1
0000002287.bmp,115,0,7,0,0,0,1,0,1
0000002288.bmp,115,0,8,0,0,0,1,0,1
0000002289.bmp,115,0,9,0,0,0,1,0,1
0000002290.bmp,115,0,10,0,0,0,1,0,1
0000002291.bmp,115,0,11,0,0,0,1,0,1
0000002292.bmp,115,0,12,0,0,0,1,0,1
0000002293.bmp,115,0,13,0,0,0,1,0,1
0000002294.bmp,115,0,14,0,0,0,1,0,1
0000002295.bmp,115,0,15,0,0,0,1,0,1
0000002296.bmp,115,0,16,0,0,0,1,0,1
0000002297.bmp,115,0,17,0,0,0,1,0,1
0000002298.bmp,115,0,18,0,0,0,1,0,1
0000002299.bmp,115,0,19,0,0,0,1,0,1
0000002300.bmp,115,0,20,0,0,0,1,0,1
0000002301.bmp,116,0,1,0,0,0,1,0,1
0000002302.bmp,116,0,2,0,0,0,1,0,1
0000002303.bmp,116,0,3,0,0,0,1,0,1
0000002304.bmp,116,0,4,0,0,0,1,0,1
0000002305.bmp,116,0,5,0,0,0,1,0,1
0000002306.bmp,116,0,6,0,0,0,1,0,1
0000002307.bmp,116,0,7,0,0,0,1,0,1
0000002308.bmp,116,0,8,0,0,0,1,0,1
0000002309.bmp,116,0,9,0,0,0,1,0,1
0000002310.bmp,116,0,10,0,0,0,1,0,1
0000002311.bmp,116,0,11,0,0,0,1,0,1
0000002312.bmp,116,0,12,0,0,0,1,0,1
0000002313.bmp,116,0,13,0,0,0,1,0,1
0000002314.bmp,116,0,14,0,0,0,1,0,1
0000002315.bmp,116,0,15,0,0,0,1,0,1
0000002316.bmp,116,0,16,0,0,0,1,0,1
0000002317.bmp,116,0,17,0,0,0,1,0,1
0000002318.bmp,116,0,18,0,0,0,1,0,1
0000002319.bmp,116,0,19,0,0,0,1,0,1
0000002320.bmp,116,0,20,0,0,0,1,0,1
0000002321.bmp,117,0,1,0,0,0,1,0,1
0000002322.bmp,117,0,2,0,0,0,1,0,1
0000002323.bmp,117,0,3,0,0,0,1,0,1
0000002324.bmp,117,0,4,0,0,0,1,0,1
0000002325.bmp,117,0,5,0,0,0,1,0,1
0000002326.bmp,117,0,6,0,0,0,1,0,1
0000002327.bmp,117,0,7,0,0,0,1,0,1
0000002328.bmp,117,0,8,0,0,0,1,0,1
0000002329.bmp,117,0,9,0,0,0,1,0,1
0000002330.bmp,117,0,10,0,0,0,1,0,1
0000002331.bmp,117,0,11,0,0,0,1,0,1
0000002332.bmp,117,0,12,0,0,0,1,0,1
0000002333.bmp,117,0,13,0,0,0,1,0,1
0000002334.bmp,117,0,14,0,0,0,1,0,1
0000002335.bmp,117,0,15,0,0,0,1,0,1
0000002336.bmp,117,0,16,0,0,0,1,0,1
0000002337.bmp,117,0,17,0,0,0,1,0,1
0000002338.bmp,117,0,18,0,0,0,1,0,1
0000002339.bmp,117,0,19,0,0,0,1,0,1
0000002340.bmp,117,0,20,0,0,0,1,0,1
0000002341.bmp,118,0,1,0,0,0,1,0,1
0000002342.bmp,118,0,2,0,0,0,1,0,1
0000002343.bmp,118,0,3,0,0,0,1,0,1
0000002344.bmp,118,0,4,0,0,0,1,0,1
0000002345.bmp,118,0,5,0,0,0,1,0,1
0000002346.bmp,118,0,6,0,0,0,1,0,1
0000002347.bmp,118,0,7,0,0,0,1,0,1
0000002348.bmp,118,0,8,0,0,0,1,0,1
0000002349.bmp,118,0,9,0,0,0,1,0,1
0000002350.bmp,118,0,10,0,0,0,1,0,1
0000002351.bmp,118,0,11,0,0,0,1,0,1
0000002352.bmp,118,0,12,0,0,0,1,0,1
0000002353.bmp,118,0,13,0,0,0,1,0,1
0000002354.bmp,118,0,14,0,0,0,1,0,1
0000002355.bmp,118,0,15,0,0,0,1,0,1
0000002356.bmp,118,0,16,0,0,0,1,0,1
0000002357.bmp,118,0,17,0,0,0,1,0,1
0000002358.bmp,118,0,18,0,0,0,1,0,1
0000002359.bmp,118,0,19,0,0,0,1,0,1
0000002360.bmp,118,0,20,0,0,0,1,0,1
0000002361.bmp,119,0,1,0,0,0,1,0,1
0000002362.bmp,119,0,2,0,0,0,1,0,1
0000002363.bmp,119,0,3,0,0,0,1,0,1
0000002364.bmp,119,0,4,0,0,0,1,0,1
0000002365.bmp,119,0,5,0,0,0,1,0,1
0000002366.bmp,119,0,6,0,0,0,1,0,1
0000002367.bmp,119,0,7,0,0,0,1,0,1
0000002368.bmp,119,0,8,0,0,0,1,0,1
0000002369.bmp,119,0,9,0,0,0,1,0,1
0000002370.bmp,119,0,10,0,0,0,1,0,1
0000002371.bmp,119,0,11,0,0,0,1,0,1
0000002372.bmp,119,0,12,0,0,0,1,0,1
0000002373.bmp,119,0,13,0,0,0,1,0,1
0000002374.bmp,119,0,14,0,0,0,1,0,1
0000002375.bmp,119,0,15,0,0,0,1,0,1
0000002376.bmp,119,0,16,0,0,0,1,0,1
0000002377.bmp,119,0,17,0,0,0,1,0,1
0000002378.bmp,119,0,18,0,0,0,1,0,1
0000002379.bmp,119,0,19,0,0,0,1,0,1
0000002380.bmp,119,0,20,0,0,0,1,0,1
0000002381.bmp,120,0,1,0,0,0,1,0,1
0000002382.bmp,120,0,2,0,0,0,1,0,1
0000002383.bmp,120,0,3,0,0,0,1,0,1
0000002384.bmp,120,0,4,0,0,0,1,0,1
0000002385.bmp,120,0,5,0,0,0,1,0,1
0000002386.bmp,120,0,6,0,0,0,1,0,1
0000002387.bmp,120,0,7,0,0,0,1,0,1
0000002388.bmp,120,0,8,0,0,0,1,0,1
0000002389.bmp,120,0,9,0,0,0,1,0,1
0000002390.bmp,120,0,10,0,0,0,1,0,1
0000002391.bmp,120,0,11,0,0,0,1,0,1
0000002392.bmp,120,0,12,0,0,0,1,0,1
0000002393.bmp,120,0,13,0,0,0,1,0,1
0000002394.bmp,120,0,14,0,0,0,1,0,1
0000002395.bmp,120,0,15,0,0,0,1,0,1
0000002396.bmp,120,0,16,0,0,0,1,0,1
0000002397.bmp,120,0,17,0,0,0,1,0,1
0000002398.bmp,120,0,18,0,0,0,1,0,1
0000002399.bmp,120,0,19,0,0,0,1,0,1
0000002400.bmp,120,0,20,0,0,0,1,0,1
0000002401.bmp,121,0,1,0,0,0,1,0,1
0000002402.bmp,121,0,2,0,0,0,1,0,1
0000002403.bmp,121,0,3,0,0,0,1,0,1
0000002404.bmp,121,0,4,0,0,0,1,0,1
0000002405.bmp,121,0,5,0,0,0,1,0,1
0000002406.bmp,121,0,6,0,0,0,1,0,1
0000002407.bmp,121,0,7,0,0,0,1,0,1
0000002408.bmp,121,0,8,0,0,0,1,0,1
0000002409.bmp,121,0,9,0,0,0,1,0,1
0000002410.bmp,121,0,10,0,0,0,1,0,1
0000002411.bmp,121,0,11,0,0,0,1,0,1
0000002412.bmp,121,0,12,0,0,0,1,0,1
0000002413.bmp,121,0,13,0,0,0,1,0,1
0000002414.bmp,121,0,14,0,0,0,1,0,1
0000002415.bmp,121,0,15,0,0,0,1,0,1
0000002416.bmp,121,0,16,0,0,0,1,0,1
0000002417.bmp,121,0,17,0,0,0,1,0,1
0000002418.bmp,121,0,18,0,0,0,1,0,1
0000002419.bmp,121,0,19,0,0,0,1,0,1
0000002420.bmp,121,0,20,0,0,0,1,0,1
0000002421.bmp,122,0,1,0,0,0,1,0,1
0000002422.bmp,122,0,2,0,0,0,1,0,1
0000002423.bmp,122,0,3,0,0,0,1,0,1
0000002424.bmp,122,0,4,0,0,0,1,0,1
0000002425.bmp,122,0,5,0,0,0,1,0,1
0000002426.bmp,122,0,6,0,0,0,1,0,1
0000002427.bmp,122,0,7,0,0,0,1,0,1
0000002428.bmp,122,0,8,0,0,0,1,0,1
0000002429.bmp,122,0,9,0,0,0,1,0,1
0000002430.bmp,122,0,10,0,0,0,1,0,1
0000002431.bmp,122,0,11,0,0,0,1,0,1
0000002432.bmp,122,0,12,0,0,0,1,0,1
0000002433.bmp,122,0,13,0,0,0,1,0,1
0000002434.bmp,122,0,14,0,0,0,1,0,1
0000002435.bmp,122,0,15,0,0,0,1,0,1
0000002436.bmp,122,0,16,0,0,0,1,0,1
0000002437.bmp,122,0,17,0,0,0,1,0,1
0000002438.bmp,122,0,18,0,0,0,1,0,1
0000002439.bmp,122,0,19,0,0,0,1,0,1
0000002440.bmp,122,0,20,0,0,0,1,0,1
0000002441.bmp,123,0,1,0,0,0,1,0,1
0000002442.bmp,123,0,2,0,0,0,1,0,1
0000002443.bmp,123,0,3,0,0,0,1,0,1
0000002444.bmp,123,0,4,0,0,0,1,0,1
0000002445.bmp,123,0,5,0,0,0,1,0,1
0000002446.bmp,123,0,6,0,0,0,1,0,1
0000002447.bmp,123,0,7,0,0,0,1,0,1
0000002448.bmp,123,0,8,0,0,0,1,0,1
0000002449.bmp,123,0,9,0,0,0,1,0,1
0000002450.bmp,123,0,10,0,0,0,1,0,1
0000002451.bmp,123,0,11,0,0,0,1,0,1
0000002452.bmp,123,0,12,0,0,0,1,0,1
0000002453.bmp,123,0,13,0,0,0,1,0,1
0000002454.bmp,123,0,14,0,0,0,1,0,1
0000002455.bmp,123,0,15,0,0,0,1,0,1
0000002456.bmp,123,0,16,0,0,0,1,0,1
0000002457.bmp,123,0,17,0,0,0,1,0,1
0000002458.bmp,123,0,18,0,0,0,1,0,1
0000002459.bmp,123,0,19,0,0,0,1,0,1
0000002460.bmp,123,0,20,0,0,0,1,0,1
0000002461.bmp,124,0,1,0,0,0,1,0,1
0000002462.bmp,124,0,2,0,0,0,1,0,1
0000002463.bmp,124,0,3,0,0,0,1,0,1
0000002464.bmp,124,0,4,0,0,0,1,0,1
0000002465.bmp,124,0,5,0,0,0,1,0,1
0000002466.bmp,124,0,6,0,0,0,1,0,1
0000002467.bmp,124,0,7,0,0,0,1,0,1
0000002468.bmp,124,0,8,0,0,0,1,0,1
0000002469.bmp,124,0,9,0,0,0,1,0,1
0000002470.bmp,124,0,10,0,0,0,1,0,1
0000002471.bmp,124,0,11,0,0,0,1,0,1
0000002472.bmp,124,0,12,0,0,0,1,0,1
0000002473.bmp,124,0,13,0,0,0,1,0,1
0000002474.bmp,124,0,14,0,0,0,1,0,1
0000002475.bmp,124,0,15,0,0,0,1,0,1
0000002476.bmp,124,0,16,0,0,0,1,0,1
0000002477.bmp,124,0,17,0,0,0,1,0,1
0000002478.bmp,124,0,18,0,0,0,1,0,1
0000002479.bmp,124,0,19,0,0,0,1,0,1
0000002480.bmp,124,0,20,0,0,0,1,0,1
0000002481.bmp,125,0,1,0,0,0,1,0,1
0000002482.bmp,125,0,2,0,0,0,1,0,1
0000002483.bmp,125,0,3,0,0,0,1,0,1
0000002484.bmp,125,0,4,0,0,0,1,0,1
0000002485.bmp,125,0,5,0,0,0,1,0,1
0000002486.bmp,125,0,6,0,0,0,1,0,1
0000002487.bmp,125,0,7,0,0,0,1,0,1
0000002488.bmp,125,0,8,0,0,0,1,0,1
0000002489.bmp,125,0,9,0,0,0,1,0,1
0000002490.bmp,125,0,10,0,0,0,1,0,1
0000002491.bmp,125,0,11,0,0,0,1,0,1
0000002492.bmp,125,0,12,0,0,0,1,0,1
0000002493.bmp,125,0,13,0,0,0,1,0,1
0000002494.bmp,125,0,14,0,0,0,1,0,1
0000002495.bmp,125,0,15,0,0,0,1,0,1
0000002496.bmp,125,0,16,0,0,0,1,0,1
0000002497.bmp,125,0,17,0,0,0,1,0,1
0000002498.bmp,125,0,18,0,0,0,1,0,1
0000002499.bmp,125,0,19,0,0,0,1,0,1
0000002500.bmp,125,0,20,0,0,0,1,0,1
0000002501.bmp,126,0,1,0,0,0,1,0,1
0000002502.bmp,126,0,2,0,0,0,1,0,1
0000002503.bmp,126,0,3,0,0,0,1,0,1
0000002504.bmp,126,0,4,0,0,0,1,0,1
0000002505.bmp,126,0,5,0,0,0,1,0,1
0000002506.bmp,126,0,6,0,0,0,1,0,1
0000002507.bmp,126,0,7,0,0,0,1,0,1
0000002508.bmp,126,0,8,0,0,0,1,0,1
0000002509.bmp,126,0,9,0,0,0,1,0,1
0000002510.bmp,126,0,10,0,0,0,1,0,1
0000002511.bmp,126,0,11,0,0,0,1,0,1
0000002512.bmp,126,0,12,0,0,0,1,0,1
0000002513.bmp,126,0,13,0,0,0,1,0,1
0000002514.bmp,126,0,14,0,0,0,1,0,1
0000002515.bmp,126,0,15,0,0,0,1,0,1
0000002516.bmp,126,0,16,0,0,0,1,0,1
0000002517.bmp,126,0,17,0,0,0,1,0,1
0000002518.bmp,126,0,18,0,0,0,1,0,1
0000002519.bmp,126,0,19,0,0,0,1,0,1
0000002520.bmp,126,0,20,0,0,0,1,0,1
0000002521.bmp,127,0,1,0,0,0,1,0,1
0000002522.bmp,127,0,2,0,0,0,1,0,1
0000002523.bmp,127,0,3,0,0,0,1,0,1
0000002524.bmp,127,0,4,0,0,0,1,0,1
0000002525.bmp,127,0,5,0,0,0,1,0,1
0000002526.bmp,127,0,6,0,0,0,1,0,1
0000002527.bmp,127,0,7,0,0,0,1,0,1
0000002528.bmp,127,0,8,0,0,0,1,0,1
0000002529.bmp,127,0,9,0,0,0,1,0,1
0000002530.bmp,127,0,10,0,0,0,1,0,1
0000002531.bmp,127,0,11,0,0,0,1,0,1
0000002532.bmp,127,0,12,0,0,0,1,0,1
0000002533.bmp,127,0,13,0,0,0,1,0,1
0000002534.bmp,127,0,14,0,0,0,1,0,1
0000002535.bmp,127,0,15,0,0,0,1,0,1
0000002536.bmp,127,0,16,0,0,0,1,0,1
0000002537.bmp,127,0,17,0,0,0,1,0,1
0000002538.bmp,127,0,18,0,0,0,1,0,1
0000002539.bmp,127,0,19,0,0,0,1,0,1
0000002540.bmp,127,0,20,0,0,0,1,0,1
0000002541.bmp,128,0,1,0,0,0,1,0,1
0000002542.bmp,128,0,2,0,0,0,1,0,1
0000002543.bmp,128,0,3,0,0,0,1,0,1
0000002544.bmp,128,0,4,0,0,0,1,0,1
0000002545.bmp,128,0,5,0,0,0,1,0,1
0000002546.bmp,128,0,6,0,0,0,1,0,1
0000002547.bmp,128,0,7,0,0,0,1,0,1
0000002548.bmp,128,0,8,0,0,0,1,0,1
0000002549.bmp,128,0,9,0,0,0,1,0,1
0000002550.bmp,128,0,10,0,0,0,1,0,1
0000002551.bmp,128,0,11,0,0,0,1,0,1
0000002552.bmp,128,0,12,0,0,0,1,0,1
0000002553.bmp,128,0,13,0,0,0,1,0,1
0000002554.bmp,128,0,14,0,0,0,1,0,1
0000002555.bmp,128,0,15,0,0,0,1,0,1
0000002556.bmp,128,0,16,0,0,0,1,0,1
0000002557.bmp,128,0,17,0,0,0,1,0,1
0000002558.bmp,128,0,18,0,0,0,1,0,1
0000002559.bmp,128,0,19,0,0,0,1,0,1
0000002560.bmp,128,0,20,0,0,0,1,0,1
0000002561.bmp,129,0,1,0,0,0,1,0,1
0000002562.bmp,129,0,2,0,0,0,1,0,1
0000002563.bmp,129,0,3,0,0,0,1,0,1
0000002564.bmp,129,0,4,0,0,0,1,0,1
0000002565.bmp,129,0,5,0,0,0,1,0,1
0000002566.bmp,129,0,6,0,0,0,1,0,1
0000002567.bmp,129,0,7,0,0,0,1,0,1
0000002568.bmp,129,0,8,0,0,0,1,0,1
0000002569.bmp,129,0,9,0,0,0,1,0,1
0000002570.bmp,129,0,10,0,0,0,1,0,1
0000002571.bmp,129,0,11,0,0,0,1,0,1
0000002572.bmp,129,0,12,0,0,0,1,0,1
0000002573.bmp,129,0,13,0,0,0,1,0,1
0000002574.bmp,129,0,14,0,0,0,1,0,1
0000002575.bmp,129,0,15,0,0,0,1,0,1
0000002576.bmp,129,0,16,0,0,0,1,0,1
0000002577.bmp,129,0,17,0,0,0,1,0,1
0000002578.bmp,129,0,18,0,0,0,1,0,1
0000002579.bmp,129,0,19,0,0,0,1,0,1
0000002580.bmp,129,0,20,0,0,0,1,0,1
0000002581.bmp,130,0,1,0,0,0,1,0,1
0000002582.bmp,130,0,2,0,0,0,1,0,1
0000002583.bmp,130,0,3,0,0,0,1,0,1
0000002584.bmp,130,0,4,0,0,0,1,0,1
0000002585.bmp,130,0,5,0,0,0,1,0,1
0000002586.bmp,130,0,6,0,0,0,1,0,1
0000002587.bmp,130,0,7,0,0,0,1,0,1
0000002588.bmp,130,0,8,0,0,0,1,0,1
0000002589.bmp,130,0,9,0,0,0,1,0,1
0000002590.bmp,130,0,10,0,0,0,1,0,1
0000002591.bmp,130,0,11,0,0,0,1,0,1
0000002592.bmp,130,0,12,0,0,0,1,0,1
0000002593.bmp,130,0,13,0,0,0,1,0,1
0000002594.bmp,130,0,14,0,0,0,1,0,1
0000002595.bmp,130,0,15,0,0,0,1,0,1
0000002596.bmp,130,0,16,0,0,0,1,0,1
0000002597.bmp,130,0,17,0,0,0,1,0,1
0000002598.bmp,130,0,18,0,0,0,1,0,1
0000002599.bmp,130,0,19,0,0,0,1,0,1
0000002600.bmp,130,0,20,0,0,0,1,0,1
0000002601.bmp,131,0,1,0,0,0,1,0,1
0000002602.bmp,131,0,2,0,0,0,1,0,1
0000002603.bmp,131,0,3,0,0,0,1,0,1
0000002604.bmp,131,0,4,0,0,0,1,0,1
0000002605.bmp,131,0,5,0,0,0,1,0,1
0000002606.bmp,131,0,6,0,0,0,1,0,1
0000002607.bmp,131,0,7,0,0,0,1,0,1
0000002608.bmp,131,0,8,0,0,0,1,0,1
0000002609.bmp,131,0,9,0,0,0,1,0,1
0000002610.bmp,131,0,10,0,0,0,1,0,1
0000002611.bmp,131,0,11,0,0,0,1,0,1
0000002612.bmp,131,0,12,0,0,0,1,0,1
0000002613.bmp,131,0,13,0,0,0,1,0,1
0000002614.bmp,131,0,14,0,0,0,1,0,1
0000002615.bmp,131,0,15,0,0,0,1,0,1
0000002616.bmp,131,0,16,0,0,0,1,0,1
0000002617.bmp,131,0,17,0,0,0,1,0,1
0000002618.bmp,131,0,18,0,0,0,1,0,1
0000002619.bmp,131,0,19,0,0,0,1,0,1
0000002620.bmp,131,0,20,0,0,0,1,0,1
0000002621.bmp,132,0,1,0,0,0,1,0,1
0000002622.bmp,132,0,2,0,0,0,1,0,1
0000002623.bmp,132,0,3,0,0,0,1,0,1
0000002624.bmp,132,0,4,0,0,0,1,0,1
0000002625.bmp,132,0,5,0,0,0,1,0,1
0000002626.bmp,132,0,6,0,0,0,1,0,1
0000002627.bmp,132,0,7,0,0,0,1,0,1
0000002628.bmp,132,0,8,0,0,0,1,0,1
0000002629.bmp,132,0,9,0,0,0,1,0,1
0000002630.bmp,132,0,10,0,0,0,1,0,1
0000002631.bmp,132,0,11,0,0,0,1,0,1
0000002632.bmp,132,0,12,0,0,0,1,0,1
0000002633.bmp,132,0,13,0,0,0,1,0,1
0000002634.bmp,132,0,14,0,0,0,1,0,1
0000002635.bmp,132,0,15,0,0,0,1,0,1
0000002636.bmp,132,0,16,0,0,0,1,0,1
0000002637.bmp,132,0,17,0,0,0,1,0,1
0000002638.bmp,132,0,18,0,0,0,1,0,1
0000002639.bmp,132,0,19,0,0,0,1,0,1
0000002640.bmp,132,0,20,0,0,0,1,0,1
0000002641.bmp,133,0,1,0,0,0,1,0,1
0000002642.bmp,133,0,2,0,0,0,1,0,1
0000002643.bmp,133,0,3,0,0,0,1,0,1
0000002644.bmp,133,0,4,0,0,0,1,0,1
0000002645.bmp,133,0,5,0,0,0,1,0,1
0000002646.bmp,133,0,6,0,0,0,1,0,1
0000002647.bmp,133,0,7,0,0,0,1,0,1
0000002648.bmp,133,0,8,0,0,0,1,0,1
0000002649.bmp,133,0,9,0,0,0,1,0,1
0000002650.bmp,133,0,10,0,0,0,1,0,1
0000002651.bmp,133,0,11,0,0,0,1,0,1
0000002652.bmp,133,0,12,0,0,0,1,0,1
0000002653.bmp,133,0,13,0,0,0,1,0,1
0000002654.bmp,133,0,14,0,0,0,1,0,1
0000002655.bmp,133,0,15,0,0,0,1,0,1
0000002656.bmp,133,0,16,0,0,0,1,0,1
0000002657.bmp,133,0,17,0,0,0,1,0,1
0000002658.bmp,133,0,18,0,0,0,1,0,1
0000002659.bmp,133,0,19,0,0,0,1,0,1
0000002660.bmp,133,0,20,0,0,0,1,0,1
0000002661.bmp,134,0,1,0,0,0,1,0,1
0000002662.bmp,134,0,2,0,0,0,1,0,1
0000002663.bmp,134,0,3,0,0,0,1,0,1
0000002664.bmp,134,0,4,0,0,0,1,0,1
0000002665.bmp,134,0,5,0,0,0,1,0,1
0000002666.bmp,134,0,6,0,0,0,1,0,1
0000002667.bmp,134,0,7,0,0,0,1,0,1
0000002668.bmp,134,0,8,0,0,0,1,0,1
0000002669.bmp,134,0,9,0,0,0,1,0,1
0000002670.bmp,134,0,10,0,0,0,1,0,1
0000002671.bmp,134,0,11,0,0,0,1,0,1
0000002672.bmp,134,0,12,0,0,0,1,0,1
0000002673.bmp,134,0,13,0,0,0,1,0,1
0000002674.bmp,134,0,14,0,0,0,1,0,1
0000002675.bmp,134,0,15,0,0,0,1,0,1
0000002676.bmp,134,0,16,0,0,0,1,0,1
0000002677.bmp,134,0,17,0,0,0,1,0,1
0000002678.bmp,134,0,18,0,0,0,1,0,1
0000002679.bmp,134,0,19,0,0,0,1,0,1
0000002680.bmp,134,0,20,0,0,0,1,0,1
0000002681.bmp,135,0,1,0,0,0,1,0,1
0000002682.bmp,135,0,2,0,0,0,1,0,1
0000002683.bmp,135,0,3,0,0,0,1,0,1
0000002684.bmp,135,0,4,0,0,0,1,0,1
0000002685.bmp,135,0,5,0,0,0,1,0,1
0000002686.bmp,135,0,6,0,0,0,1,0,1
0000002687.bmp,135,0,7,0,0,0,1,0,1
0000002688.bmp,135,0,8,0,0,0,1,0,1
0000002689.bmp,135,0,9,0,0,0,1,0,1
0000002690.bmp,135,0,10,0,0,0,1,0,1
0000002691.bmp,135,0,11,0,0,0,1,0,1
0000002692.bmp,135,0,12,0,0,0,1,0,1
0000002693.bmp,135,0,13,0,0,0,1,0,1
0000002694.bmp,135,0,14,0,0,0,1,0,1
0000002695.bmp,135,0,15,0,0,0,1,0,1
0000002696.bmp,135,0,16,0,0,0,1,0,1
0000002697.bmp,135,0,17,0,0,0,1,0,1
0000002698.bmp,135,0,18,0,0,0,1,0,1
0000002699.bmp,135,0,19,0,0,0,1,0,1
0000002700.bmp,135,0,20,0,0,0,1,0,1
0000002701.bmp,136,0,1,0,0,0,1,0,1
0000002702.bmp,136,0,2,0,0,0,1,0,1
0000002703.bmp,136,0,3,0,0,0,1,0,1
0000002704.bmp,136,0,4,0,0,0,1,0,1
0000002705.bmp,136,0,5,0,0,0,1,0,1
0000002706.bmp,136,0,6,0,0,0,1,0,1
0000002707.bmp,136,0,7,0,0,0,1,0,1
0000002708.bmp,136,0,8,0,0,0,1,0,1
0000002709.bmp,136,0,9,0,0,0,1,0,1
0000002710.bmp,136,0,10,0,0,0,1,0,1
0000002711.bmp,136,0,11,0,0,0,1,0,1
0000002712.bmp,136,0,12,0,0,0,1,0,1
0000002713.bmp,136,0,13,0,0,0,1,0,1
0000002714.bmp,136,0,14,0,0,0,1,0,1
0000002715.bmp,136,0,15,0,0,0,1,0,1
0000002716.bmp,136,0,16,0,0,0,1,0,1
0000002717.bmp,136,0,17,0,0,0,1,0,1
0000002718.bmp,136,0,18,0,0,0,1,0,1
0000002719.bmp,136,0,19,0,0,0,1,0,1
0000002720.bmp,136,0,20,0,0,0,1,0,1
0000002721.bmp,137,0,1,0,0,0,1,0,1
0000002722.bmp,137,0,2,0,0,0,1,0,1
0000002723.bmp,137,0,3,0,0,0,1,0,1
0000002724.bmp,137,0,4,0,0,0,1,0,1
0000002725.bmp,137,0,5,0,0,0,1,0,1
0000002726.bmp,137,0,6,0,0,0,1,0,1
0000002727.bmp,137,0,7,0,0,0,1,0,1
0000002728.bmp,137,0,8,0,0,0,1,0,1
0000002729.bmp,137,0,9,0,0,0,1,0,1
0000002730.bmp,137,0,10,0,0,0,1,0,1
0000002731.bmp,137,0,11,0,0,0,1,0,1
0000002732.bmp,137,0,12,0,0,0,1,0,1
0000002733.bmp,137,0,13,0,0,0,1,0,1
0000002734.bmp,137,0,14,0,0,0,1,0,1
0000002735.bmp,137,0,15,0,0,0,1,0,1
0000002736.bmp,137,0,16,0,0,0,1,0,1
0000002737.bmp,137,0,17,0,0,0,1,0,1
0000002738.bmp,137,0,18,0,0,0,1,0,1
0000002739.bmp,137,0,19,0,0,0,1,0,1
0000002740.bmp,137,0,20,0,0,0,1,0,1
0000002741.bmp,138,0,1,0,0,0,1,0,1
0000002742.bmp,138,0,2,0,0,0,1,0,1
0000002743.bmp,138,0,3,0,0,0,1,0,1
0000002744.bmp,138,0,4,0,0,0,1,0,1
0000002745.bmp,138,0,5,0,0,0,1,0,1
0000002746.bmp,138,0,6,0,0,0,1,0,1
0000002747.bmp,138,0,7,0,0,0,1,0,1
0000002748.bmp,138,0,8,0,0,0,1,0,1
0000002749.bmp,138,0,9,0,0,0,1,0,1
0000002750.bmp,138,0,10,0,0,0,1,0,1
0000002751.bmp,138,0,11,0,0,0,1,0,1
0000002752.bmp,138,0,12,0,0,0,1,0,1
0000002753.bmp,138,0,13,0,0,0,1,0,1
0000002754.bmp,138,0,14,0,0,0,1,0,1
0000002755.bmp,138,0,15,0,0,0,1,0,1
0000002756.bmp,138,0,16,0,0,0,1,0,1
0000002757.bmp,138,0,17,0,0,0,1,0,1
0000002758.bmp,138,0,18,0,0,0,1,0,1
0000002759.bmp,138,0,19,0,0,0,1,0,1
0000002760.bmp,138,0,20,0,0,0,1,0,1
0000002761.bmp,139,0,1,0,0,0,1,0,1
0000002762.bmp,139,0,2,0,0,0,1,0,1
0000002763.bmp,139,0,3,0,0,0,1,0,1
0000002764.bmp,139,0,4,0,0,0,1,0,1
0000002765.bmp,139,0,5,0,0,0,1,0,1
0000002766.bmp,139,0,6,0,0,0,1,0,1
0000002767.bmp,139,0,7,0,0,0,1,0,1
0000002768.bmp,139,0,8,0,0,0,1,0,1
0000002769.bmp,139,0,9,0,0,0,1,0,1
0000002770.bmp,139,0,10,0,0,0,1,0,1
0000002771.bmp,139,0,11,0,0,0,1,0,1
0000002772.bmp,139,0,12,0,0,0,1,0,1
0000002773.bmp,139,0,13,0,0,0,1,0,1
0000002774.bmp,139,0,14,0,0,0,1,0,1
0000002775.bmp,139,0,15,0,0,0,1,0,1
0000002776.bmp,139,0,16,0,0,0,1,0,1
0000002777.bmp,139,0,17,0,0,0,1,0,1
0000002778.bmp,139,0,18,0,0,0,1,0,1
0000002779.bmp,139,0,19,0,0,0,1,0,1
0000002780.bmp,139,0,20,0,0,0,1,0,1
0000002781.bmp,140,0,1,0,0,0,1,0,1
0000002782.bmp,140,0,2,0,0,0,1,0,1
0000002783.bmp,140,0,3,0,0,0,1,0,1
0000002784.bmp,140,0,4,0,0,0,1,0,1
0000002785.bmp,140,0,5,0,0,0,1,0,1
0000002786.bmp,140,0,6,0,0,0,1,0,1
0000002787.bmp,140,0,7,0,0,0,1,0,1
0000002788.bmp,140,0,8,0,0,0,1,0,1
0000002789.bmp,140,0,9,0,0,0,1,0,1
0000002790.bmp,140,0,10,0,0,0,1,0,1
0000002791.bmp,140,0,11,0,0,0,1,0,1
0000002792.bmp,140,0,12,0,0,0,1,0,1
0000002793.bmp,140,0,13,0,0,0,1,0,1
0000002794.bmp,140,0,14,0,0,0,1,0,1
0000002795.bmp,140,0,15,0,0,0,1,0,1
0000002796.bmp,140,0,16,0,0,0,1,0,1
0000002797.bmp,140,0,17,0,0,0,1,0,1
0000002798.bmp,140,0,18,0,0,0,1,0,1
0000002799.bmp,140,0,19,0,0,0,1,0,1
0000002800.bmp,140,0,20,0,0,0,1,0,1
0000002801.bmp,141,0,1,0,0,0,1,0,1
0000002802.bmp,141,0,2,0,0,0,1,0,1
0000002803.bmp,141,0,3,0,0,0,1,0,1
0000002804.bmp,141,0,4,0,0,0,1,0,1
0000002805.bmp,141,0,5,0,0,0,1,0,1
0000002806.bmp,141,0,6,0,0,0,1,0,1
0000002807.bmp,141,0,7,0,0,0,1,0,1
0000002808.bmp,141,0,8,0,0,0,1,0,1
0000002809.bmp,141,0,9,0,0,0,1,0,1
0000002810.bmp,141,0,10,0,0,0,1,0,1
0000002811.bmp,141,0,11,0,0,0,1,0,1
0000002812.bmp,141,0,12,0,0,0,1,0,1
0000002813.bmp,141,0,13,0,0,0,1,0,1
0000002814.bmp,141,0,14,0,0,0,1,0,1
0000002815.bmp,141,0,15,0,0,0,1,0,1
0000002816.bmp,141,0,16,0,0,0,1,0,1
0000002817.bmp,141,0,17,0,0,0,1,0,1
0000002818.bmp,141,0,18,0,0,0,1,0,1
0000002819.bmp,141,0,19,0,0,0,1,0,1
0000002820.bmp,141,0,20,0,0,0,1,0,1
0000002821.bmp,142,0,1,0,0,0,1,0,1
0000002822.bmp,142,0,2,0,0,0,1,0,1
0000002823.bmp,142,0,3,0,0,0,1,0,1
0000002824.bmp,142,0,4,0,0,0,1,0,1
0000002825.bmp,142,0,5,0,0,0,1,0,1
0000002826.bmp,142,0,6,0,0,0,1,0,1
0000002827.bmp,142,0,7,0,0,0,1,0,1
0000002828.bmp,142,0,8,0,0,0,1,0,1
0000002829.bmp,142,0,9,0,0,0,1,0,1
0000002830.bmp,142,0,10,0,0,0,1,0,1
0000002831.bmp,142,0,11,0,0,0,1,0,1
0000002832.bmp,142,0,12,0,0,0,1,0,1
0000002833.bmp,142,0,13,0,0,0,1,0,1
0000002834.bmp,142,0,14,0,0,0,1,0,1
0000002835.bmp,142,0,15,0,0,0,1,0,1
0000002836.bmp,142,0,16,0,0,0,1,0,1
0000002837.bmp,142,0,17,0,0,0,1,0,1
0000002838.bmp,142,0,18,0,0,0,1,0,1
0000002839.bmp,142,0,19,0,0,0,1,0,1
0000002840.bmp,142,0,20,0,0,0,1,0,1
0000002841.bmp,143,0,1,0,0,0,1,0,1
0000002842.bmp,143,0,2,0,0,0,1,0,1
0000002843.bmp,143,0,3,0,0,0,1,0,1
0000002844.bmp,143,0,4,0,0,0,1,0,1
0000002845.bmp,143,0,5,0,0,0,1,0,1
0000002846.bmp,143,0,6,0,0,0,1,0,1
0000002847.bmp,143,0,7,0,0,0,1,0,1
0000002848.bmp,143,0,8,0,0,0,1,0,1
0000002849.bmp,143,0,9,0,0,0,1,0,1
0000002850.bmp,143,0,10,0,0,0,1,0,1
0000002851.bmp,143,0,11,0,0,0,1,0,1
0000002852.bmp,143,0,12,0,0,0,1,0,1
0000002853.bmp,143,0,13,0,0,0,1,0,1
0000002854.bmp,143,0,14,0,0,0,1,0,1
0000002855.bmp,143,0,15,0,0,0,1,0,1
0000002856.bmp,143,0,16,0,0,0,1,0,1
0000002857.bmp,143,0,17,0,0,0,1,0,1
0000002858.bmp,143,0,18,0,0,0,1,0,1
0000002859.bmp,143,0,19,0,0,0,1,0,1
0000002860.bmp,143,0,20,0,0,0,1,0,1
0000002861.bmp,144,0,1,0,0,0,1,0,1
0000002862.bmp,144,0,2,0,0,0,1,0,1
0000002863.bmp,144,0,3,0,0,0,1,0,1
0000002864.bmp,144,0,4,0,0,0,1,0,1
0000002865.bmp,144,0,5,0,0,0,1,0,1
0000002866.bmp,144,0,6,0,0,0,1,0,1
0000002867.bmp,144,0,7,0,0,0,1,0,1
0000002868.bmp,144,0,8,0,0,0,1,0,1
0000002869.bmp,144,0,9,0,0,0,1,0,1
0000002870.bmp,144,0,10,0,0,0,1,0,1
0000002871.bmp,144,0,11,0,0,0,1,0,1
0000002872.bmp,144,0,12,0,0,0,1,0,1
0000002873.bmp,144,0,13,0,0,0,1,0,1
0000002874.bmp,144,0,14,0,0,0,1,0,1
0000002875.bmp,144,0,15,0,0,0,1,0,1
0000002876.bmp,144,0,16,0,0,0,1,0,1
0000002877.bmp,144,0,17,0,0,0,1,0,1
0000002878.bmp,144,0,18,0,0,0,1,0,1
0000002879.bmp,144,0,19,0,0,0,1,0,1
0000002880.bmp,144,0,20,0,0,0,1,0,1
0000002881.bmp,145,0,1,0,0,0,1,0,1
0000002882.bmp,145,0,2,0,0,0,1,0,1
0000002883.bmp,145,0,3,0,0,0,1,0,1
0000002884.bmp,145,0,4,0,0,0,1,0,1
0000002885.bmp,145,0,5,0,0,0,1,0,1
0000002886.bmp,145,0,6,0,0,0,1,0,1
0000002887.bmp,145,0,7,0,0,0,1,0,1
0000002888.bmp,145,0,8,0,0,0,1,0,1
0000002889.bmp,145,0,9,0,0,0,1,0,1
0000002890.bmp,145,0,10,0,0,0,1,0,1
0000002891.bmp,145,0,11,0,0,0,1,0,1
0000002892.bmp,145,0,12,0,0,0,1,0,1
0000002893.bmp,145,0,13,0,0,0,1,0,1
0000002894.bmp,145,0,14,0,0,0,1,0,1
0000002895.bmp,145,0,15,0,0,0,1,0,1
0000002896.bmp,145,0,16,0,0,0,1,0,1
0000002897.bmp,145,0,17,0,0,0,1,0,1
0000002898.bmp,145,0,18,0,0,0,1,0,1
0000002899.bmp,145,0,19,0,0,0,1,0,1
0000002900.bmp,145,0,20,0,0,0,1,0,1
0000002901.bmp,146,0,1,0,0,0,1,0,1
0000002902.bmp,146,0,2,0,0,0,1,0,1
0000002903.bmp,146,0,3,0,0,0,1,0,1
0000002904.bmp,146,0,4,0,0,0,1,0,1
0000002905.bmp,146,0,5,0,0,0,1,0,1
0000002906.bmp,146,0,6,0,0,0,1,0,1
0000002907.bmp,146,0,7,0,0,0,1,0,1
0000002908.bmp,146,0,8,0,0,0,1,0,1
0000002909.bmp,146,0,9,0,0,0,1,0,1
0000002910.bmp,146,0,10,0,0,0,1,0,1
0000002911.bmp,146,0,11,0,0,0,1,0,1
0000002912.bmp,146,0,12,0,0,0,1,0,1
0000002913.bmp,146,0,13,0,0,0,1,0,1
0000002914.bmp,146,0,14,0,0,0,1,0,1
0000002915.bmp,146,0,15,0,0,0,1,0,1
0000002916.bmp,146,0,16,0,0,0,1,0,1
0000002917.bmp,146,0,17,0,0,0,1,0,1
0000002918.bmp,146,0,18,0,0,0,1,0,1
0000002919.bmp,146,0,19,0,0,0,1,0,1
0000002920.bmp,146,0,20,0,0,0,1,0,1
0000002921.bmp,147,0,1,0,0,0,1,0,1
0000002922.bmp,147,0,2,0,0,0,1,0,1
0000002923.bmp,147,0,3,0,0,0,1,0,1
0000002924.bmp,147,0,4,0,0,0,1,0,1
0000002925.bmp,147,0,5,0,0,0,1,0,1
0000002926.bmp,147,0,6,0,0,0,1,0,1
0000002927.bmp,147,0,7,0,0,0,1,0,1
0000002928.bmp,147,0,8,0,0,0,1,0,1
0000002929.bmp,147,0,9,0,0,0,1,0,1
0000002930.bmp,147,0,10,0,0,0,1,0,1
0000002931.bmp,147,0,11,0,0,0,1,0,1
0000002932.bmp,147,0,12,0,0,0,1,0,1
0000002933.bmp,147,0,13,0,0,0,1,0,1
0000002934.bmp,147,0,14,0,0,0,1,0,1
0000002935.bmp,147,0,15,0,0,0,1,0,1
0000002936.bmp,147,0,16,0,0,0,1,0,1
0000002937.bmp,147,0,17,0,0,0,1,0,1
0000002938.bmp,147,0,18,0,0,0,1,0,1
0000002939.bmp,147,0,19,0,0,0,1,0,1
0000002940.bmp,147,0,20,0,0,0,1,0,1
0000002941.bmp,148,0,1,0,0,0,1,0,1
0000002942.bmp,148,0,2,0,0,0,1,0,1
0000002943.bmp,148,0,3,0,0,0,1,0,1
0000002944.bmp,148,0,4,0,0,0,1,0,1
0000002945.bmp,148,0,5,0,0,0,1,0,1
0000002946.bmp,148,0,6,0,0,0,1,0,1
0000002947.bmp,148,0,7,0,0,0,1,0,1
0000002948.bmp,148,0,8,0,0,0,1,0,1
0000002949.bmp,148,0,9,0,0,0,1,0,1
0000002950.bmp,148,0,10,0,0,0,1,0,1
0000002951.bmp,148,0,11,0,0,0,1,0,1
0000002952.bmp,148,0,12,0,0,0,1,0,1
0000002953.bmp,148,0,13,0,0,0,1,0,1
0000002954.bmp,148,0,14,0,0,0,1,0,1
0000002955.bmp,148,0,15,0,0,0,1,0,1
0000002956.bmp,148,0,16,0,0,0,1,0,1
0000002957.bmp,148,0,17,0,0,0,1,0,1
0000002958.bmp,148,0,18,0,0,0,1,0,1
0000002959.bmp,148,0,19,0,0,0,1,0,1
0000002960.bmp,148,0,20,0,0,0,1,0,1
0000002961.bmp,149,0,1,0,0,0,1,0,1
0000002962.bmp,149,0,2,0,0,0,1,0,1
0000002963.bmp,149,0,3,0,0,0,1,0,1
0000002964.bmp,149,0,4,0,0,0,1,0,1
0000002965.bmp,149,0,5,0,0,0,1,0,1
0000002966.bmp,149,0,6,0,0,0,1,0,1
0000002967.bmp,149,0,7,0,0,0,1,0,1
0000002968.bmp,149,0,8,0,0,0,1,0,1
0000002969.bmp,149,0,9,0,0,0,1,0,1
0000002970.bmp,149,0,10,0,0,0,1,0,1
0000002971.bmp,149,0,11,0,0,0,1,0,1
0000002972.bmp,149,0,12,0,0,0,1,0,1
0000002973.bmp,149,0,13,0,0,0,1,0,1
0000002974.bmp,149,0,14,0,0,0,1,0,1
0000002975.bmp,149,0,15,0,0,0,1,0,1
0000002976.bmp,149,0,16,0,0,0,1,0,1
0000002977.bmp,149,0,17,0,0,0,1,0,1
0000002978.bmp,149,0,18,0,0,0,1,0,1
0000002979.bmp,149,0,19,0,0,0,1,0,1
0000002980.bmp,149,0,20,0,0,0,1,0,1
0000002981.bmp,150,0,1,0,0,0,1,0,1
0000002982.bmp,150,0,2,0,0,0,1,0,1
0000002983.bmp,150,0,3,0,0,0,1,0,1
0000002984.bmp,150,0,4,0,0,0,1,0,1
0000002985.bmp,150,0,5,0,0,0,1,0,1
0000002986.bmp,150,0,6,0,0,0,1,0,1
0000002987.bmp,150,0,7,0,0,0,1,0,1
0000002988.bmp,150,0,8,0,0,0,1,0,1
0000002989.bmp,150,0,9,0,0,0,1,0,1
0000002990.bmp,150,0,10,0,0,0,1,0,1
0000002991.bmp,150,0,11,0,0,0,1,0,1
0000002992.bmp,150,0,12,0,0,0,1,0,1
0000002993.bmp,150,0,13,0,0,0,1,0,1
0000002994.bmp,150,0,14,0,0,0,1,0,1
0000002995.bmp,150,0,15,0,0,0,1,0,1
0000002996.bmp,150,0,16,0,0,0,1,0,1
0000002997.bmp,150,0,17,0,0,0,1,0,1
0000002998.bmp,150,0,18,0,0,0,1,0,1
0000002999.bmp,150,0,19,0,0,0,1,0,1
0000003000.bmp,150,0,20,0,0,0,1,0,1
0000003001.bmp,151,0,1,0,0,0,1,0,1
0000003002.bmp,151,0,2,0,0,0,1,0,1
0000003003.bmp,151,0,3,0,0,0,1,0,1
0000003004.bmp,151,0,4,0,0,0,1,0,1
0000003005.bmp,151,0,5,0,0,0,1,0,1
0000003006.bmp,151,0,6,0,0,0,1,0,1
0000003007.bmp,151,0,7,0,0,0,1,0,1
0000003008.bmp,151,0,8,0,0,0,1,0,1
0000003009.bmp,151,0,9,0,0,0,1,0,1
0000003010.bmp,151,0,10,0,0,0,1,0,1
0000003011.bmp,151,0,11,0,0,0,1,0,1
0000003012.bmp,151,0,12,0,0,0,1,0,1
0000003013.bmp,151,0,13,0,0,0,1,0,1
0000003014.bmp,151,0,14,0,0,0,1,0,1
0000003015.bmp,151,0,15,0,0,0,1,0,1
0000003016.bmp,151,0,16,0,0,0,1,0,1
0000003017.bmp,151,0,17,0,0,0,1,0,1
0000003018.bmp,151,0,18,0,0,0,1,0,1
0000003019.bmp,151,0,19,0,0,0,1,0,1
0000003020.bmp,151,0,20,0,0,0,1,0,1
0000003021.bmp,152,0,1,0,0,0,1,0,1
0000003022.bmp,152,0,2,0,0,0,1,0,1
0000003023.bmp,152,0,3,0,0,0,1,0,1
0000003024.bmp,152,0,4,0,0,0,1,0,1
0000003025.bmp,152,0,5,0,0,0,1,0,1
0000003026.bmp,152,0,6,0,0,0,1,0,1
0000003027.bmp,152,0,7,0,0,0,1,0,1
0000003028.bmp,152,0,8,0,0,0,1,0,1
0000003029.bmp,152,0,9,0,0,0,1,0,1
0000003030.bmp,152,0,10,0,0,0,1,0,1
0000003031.bmp,152,0,11,0,0,0,1,0,1
0000003032.bmp,152,0,12,0,0,0,1,0,1
0000003033.bmp,152,0,13,0,0,0,1,0,1
0000003034.bmp,152,0,14,0,0,0,1,0,1
0000003035.bmp,152,0,15,0,0,0,1,0,1
0000003036.bmp,152,0,16,0,0,0,1,0,1
0000003037.bmp,152,0,17,0,0,0,1,0,1
0000003038.bmp,152,0,18,0,0,0,1,0,1
0000003039.bmp,152,0,19,0,0,0,1,0,1
0000003040.bmp,152,0,20,0,0,0,1,0,1
0000003041.bmp,153,0,1,0,0,0,1,0,1
0000003042.bmp,153,0,2,0,0,0,1,0,1
0000003043.bmp,153,0,3,0,0,0,1,0,1
0000003044.bmp,153,0,4,0,0,0,1,0,1
0000003045.bmp,153,0,5,0,0,0,1,0,1
0000003046.bmp,153,0,6,0,0,0,1,0,1
0000003047.bmp,153,0,7,0,0,0,1,0,1
0000003048.bmp,153,0,8,0,0,0,1,0,1
0000003049.bmp,153,0,9,0,0,0,1,0,1
0000003050.bmp,153,0,10,0,0,0,1,0,1
0000003051.bmp,153,0,11,0,0,0,1,0,1
0000003052.bmp,153,0,12,0,0,0,1,0,1
0000003053.bmp,153,0,13,0,0,0,1,0,1
0000003054.bmp,153,0,14,0,0,0,1,0,1
0000003055.bmp,153,0,15,0,0,0,1,0,1
0000003056.bmp,153,0,16,0,0,0,1,0,1
0000003057.bmp,153,0,17,0,0,0,1,0,1
0000003058.bmp,153,0,18,0,0,0,1,0,1
0000003059.bmp,153,0,19,0,0,0,1,0,1
0000003060.bmp,153,0,20,0,0,0,1,0,1
0000003061.bmp,154,0,1,0,0,0,1,0,1
0000003062.bmp,154,0,2,0,0,0,1,0,1
0000003063.bmp,154,0,3,0,0,0,1,0,1
0000003064.bmp,154,0,4,0,0,0,1,0,1
0000003065.bmp,154,0,5,0,0,0,1,0,1
0000003066.bmp,154,0,6,0,0,0,1,0,1
0000003067.bmp,154,0,7,0,0,0,1,0,1
0000003068.bmp,154,0,8,0,0,0,1,0,1
0000003069.bmp,154,0,9,0,0,0,1,0,1
0000003070.bmp,154,0,10,0,0,0,1,0,1
0000003071.bmp,154,0,11,0,0,0,1,0,1
0000003072.bmp,154,0,12,0,0,0,1,0,1
0000003073.bmp,154,0,13,0,0,0,1,0,1
0000003074.bmp,154,0,14,0,0,0,1,0,1
0000003075.bmp,154,0,15,0,0,0,1,0,1
0000003076.bmp,154,0,16,0,0,0,1,0,1
0000003077.bmp,154,0,17,0,0,0,1,0,1
0000003078.bmp,154,0,18,0,0,0,1,0,1
0000003079.bmp,154,0,19,0,0,0,1,0,1
0000003080.bmp,154,0,20,0,0,0,1,0,1
0000003081.bmp,155,0,1,0,0,0,1,0,1
0000003082.bmp,155,0,2,0,0,0,1,0,1
0000003083.bmp,155,0,3,0,0,0,1,0,1
0000003084.bmp,155,0,4,0,0,0,1,0,1
0000003085.bmp,155,0,5,0,0,0,1,0,1
0000003086.bmp,155,0,6,0,0,0,1,0,1
0000003087.bmp,155,0,7,0,0,0,1,0,1
0000003088.bmp,155,0,8,0,0,0,1,0,1
0000003089.bmp,155,0,9,0,0,0,1,0,1
0000003090.bmp,155,0,10,0,0,0,1,0,1
0000003091.bmp,155,0,11,0,0,0,1,0,1
0000003092.bmp,155,0,12,0,0,0,1,0,1
0000003093.bmp,155,0,13,0,0,0,1,0,1
0000003094.bmp,155,0,14,0,0,0,1,0,1
0000003095.bmp,155,0,15,0,0,0,1,0,1
0000003096.bmp,155,0,16,0,0,0,1,0,1
0000003097.bmp,155,0,17,0,0,0,1,0,1
0000003098.bmp,155,0,18,0,0,0,1,0,1
0000003099.bmp,155,0,19,0,0,0,1,0,1
0000003100.bmp,155,0,20,0,0,0,1,0,1
0000003101.bmp,156,0,1,0,0,0,1,0,1
0000003102.bmp,156,0,2,0,0,0,1,0,1
0000003103.bmp,156,0,3,0,0,0,1,0,1
0000003104.bmp,156,0,4,0,0,0,1,0,1
0000003105.bmp,156,0,5,0,0,0,1,0,1
0000003106.bmp,156,0,6,0,0,0,1,0,1
0000003107.bmp,156,0,7,0,0,0,1,0,1
0000003108.bmp,156,0,8,0,0,0,1,0,1
0000003109.bmp,156,0,9,0,0,0,1,0,1
0000003110.bmp,156,0,10,0,0,0,1,0,1
0000003111.bmp,156,0,11,0,0,0,1,0,1
0000003112.bmp,156,0,12,0,0,0,1,0,1
0000003113.bmp,156,0,13,0,0,0,1,0,1
0000003114.bmp,156,0,14,0,0,0,1,0,1
0000003115.bmp,156,0,15,0,0,0,1,0,1
0000003116.bmp,156,0,16,0,0,0,1,0,1
0000003117.bmp,156,0,17,0,0,0,1,0,1
0000003118.bmp,156,0,18,0,0,0,1,0,1
0000003119.bmp,156,0,19,0,0,0,1,0,1
0000003120.bmp,156,0,20,0,0,0,1,0,1
0000003121.bmp,157,0,1,0,0,0,1,0,1
0000003122.bmp,157,0,2,0,0,0,1,0,1
0000003123.bmp,157,0,3,0,0,0,1,0,1
0000003124.bmp,157,0,4,0,0,0,1,0,1
0000003125.bmp,157,0,5,0,0,0,1,0,1
0000003126.bmp,157,0,6,0,0,0,1,0,1
0000003127.bmp,157,0,7,0,0,0,1,0,1
0000003128.bmp,157,0,8,0,0,0,1,0,1
0000003129.bmp,157,0,9,0,0,0,1,0,1
0000003130.bmp,157,0,10,0,0,0,1,0,1
0000003131.bmp,157,0,11,0,0,0,1,0,1
0000003132.bmp,157,0,12,0,0,0,1,0,1
0000003133.bmp,157,0,13,0,0,0,1,0,1
0000003134.bmp,157,0,14,0,0,0,1,0,1
0000003135.bmp,157,0,15,0,0,0,1,0,1
0000003136.bmp,157,0,16,0,0,0,1,0,1
0000003137.bmp,157,0,17,0,0,0,1,0,1
0000003138.bmp,157,0,18,0,0,0,1,0,1
0000003139.bmp,157,0,19,0,0,0,1,0,1
0000003140.bmp,157,0,20,0,0,0,1,0,1
0000003141.bmp,158,0,1,0,0,0,1,0,1
0000003142.bmp,158,0,2,0,0,0,1,0,1
0000003143.bmp,158,0,3,0,0,0,1,0,1
0000003144.bmp,158,0,4,0,0,0,1,0,1
0000003145.bmp,158,0,5,0,0,0,1,0,1
0000003146.bmp,158,0,6,0,0,0,1,0,1
0000003147.bmp,158,0,7,0,0,0,1,0,1
0000003148.bmp,158,0,8,0,0,0,1,0,1
0000003149.bmp,158,0,9,0,0,0,1,0,1
0000003150.bmp,158,0,10,0,0,0,1,0,1
0000003151.bmp,158,0,11,0,0,0,1,0,1
0000003152.bmp,158,0,12,0,0,0,1,0,1
0000003153.bmp,158,0,13,0,0,0,1,0,1
0000003154.bmp,158,0,14,0,0,0,1,0,1
0000003155.bmp,158,0,15,0,0,0,1,0,1
0000003156.bmp,158,0,16,0,0,0,1,0,1
0000003157.bmp,158,0,17,0,0,0,1,0,1
0000003158.bmp,158,0,18,0,0,0,1,0,1
0000003159.bmp,158,0,19,0,0,0,1,0,1
0000003160.bmp,158,0,20,0,0,0,1,0,1
0000003161.bmp,159,0,1,0,0,0,1,0,1
0000003162.bmp,159,0,2,0,0,0,1,0,1
0000003163.bmp,159,0,3,0,0,0,1,0,1
0000003164.bmp,159,0,4,0,0,0,1,0,1
0000003165.bmp,159,0,5,0,0,0,1,0,1
0000003166.bmp,159,0,6,0,0,0,1,0,1
0000003167.bmp,159,0,7,0,0,0,1,0,1
0000003168.bmp,159,0,8,0,0,0,1,0,1
0000003169.bmp,159,0,9,0,0,0,1,0,1
0000003170.bmp,159,0,10,0,0,0,1,0,1
0000003171.bmp,159,0,11,0,0,0,1,0,1
0000003172.bmp,159,0,12,0,0,0,1,0,1
0000003173.bmp,159,0,13,0,0,0,1,0,1
0000003174.bmp,159,0,14,0,0,0,1,0,1
0000003175.bmp,159,0,15,0,0,0,1,0,1
0000003176.bmp,159,0,16,0,0,0,1,0,1
0000003177.bmp,159,0,17,0,0,0,1,0,1
0000003178.bmp,159,0,18,0,0,0,1,0,1
0000003179.bmp,159,0,19,0,0,0,1,0,1
0000003180.bmp,159,0,20,0,0,0,1,0,1
0000003181.bmp,160,0,1,0,0,0,1,0,1
0000003182.bmp,160,0,2,0,0,0,1,0,1
0000003183.bmp,160,0,3,0,0,0,1,0,1
0000003184.bmp,160,0,4,0,0,0,1,0,1
0000003185.bmp,160,0,5,0,0,0,1,0,1
0000003186.bmp,160,0,6,0,0,0,1,0,1
0000003187.bmp,160,0,7,0,0,0,1,0,1
0000003188.bmp,160,0,8,0,0,0,1,0,1
0000003189.bmp,160,0,9,0,0,0,1,0,1
0000003190.bmp,160,0,10,0,0,0,1,0,1
0000003191.bmp,160,0,11,0,0,0,1,0,1
0000003192.bmp,160,0,12,0,0,0,1,0,1
0000003193.bmp,160,0,13,0,0,0,1,0,1
0000003194.bmp,160,0,14,0,0,0,1,0,1
0000003195.bmp,160,0,15,0,0,0,1,0,1
0000003196.bmp,160,0,16,0,0,0,1,0,1
0000003197.bmp,160,0,17,0,0,0,1,0,1
0000003198.bmp,160,0,18,0,0,0,1,0,1
0000003199.bmp,160,0,19,0,0,0,1,0,1
0000003200.bmp,160,0,20,0,0,0,1,0,1
0000003201.bmp,161,0,1,0,0,0,1,0,1
0000003202.bmp,161,0,2,0,0,0,1,0,1
0000003203.bmp,161,0,3,0,0,0,1,0,1
0000003204.bmp,161,0,4,0,0,0,1,0,1
0000003205.bmp,161,0,5,0,0,0,1,0,1
0000003206.bmp,161,0,6,0,0,0,1,0,1
0000003207.bmp,161,0,7,0,0,0,1,0,1
0000003208.bmp,161,0,8,0,0,0,1,0,1
0000003209.bmp,161,0,9,0,0,0,1,0,1
0000003210.bmp,161,0,10,0,0,0,1,0,1
0000003211.bmp,161,0,11,0,0,0,1,0,1
0000003212.bmp,161,0,12,0,0,0,1,0,1
0000003213.bmp,161,0,13,0,0,0,1,0,1
0000003214.bmp,161,0,14,0,0,0,1,0,1
0000003215.bmp,161,0,15,0,0,0,1,0,1
0000003216.bmp,161,0,16,0,0,0,1,0,1
0000003217.bmp,161,0,17,0,0,0,1,0,1
0000003218.bmp,161,0,18,0,0,0,1,0,1
0000003219.bmp,161,0,19,0,0,0,1,0,1
0000003220.bmp,161,0,20,0,0,0,1,0,1
0000003221.bmp,162,0,1,0,0,0,1,0,1
0000003222.bmp,162,0,2,0,0,0,1,0,1
0000003223.bmp,162,0,3,0,0,0,1,0,1
0000003224.bmp,162,0,4,0,0,0,1,0,1
0000003225.bmp,162,0,5,0,0,0,1,0,1
0000003226.bmp,162,0,6,0,0,0,1,0,1
0000003227.bmp,162,0,7,0,0,0,1,0,1
0000003228.bmp,162,0,8,0,0,0,1,0,1
0000003229.bmp,162,0,9,0,0,0,1,0,1
0000003230.bmp,162,0,10,0,0,0,1,0,1
0000003231.bmp,162,0,11,0,0,0,1,0,1
0000003232.bmp,162,0,12,0,0,0,1,0,1
0000003233.bmp,162,0,13,0,0,0,1,0,1
0000003234.bmp,162,0,14,0,0,0,1,0,1
0000003235.bmp,162,0,15,0,0,0,1,0,1
0000003236.bmp,162,0,16,0,0,0,1,0,1
0000003237.bmp,162,0,17,0,0,0,1,0,1
0000003238.bmp,162,0,18,0,0,0,1,0,1
0000003239.bmp,162,0,19,0,0,0,1,0,1
0000003240.bmp,162,0,20,0,0,0,1,0,1
0000003241.bmp,163,0,1,0,0,0,1,0,1
0000003242.bmp,163,0,2,0,0,0,1,0,1
0000003243.bmp,163,0,3,0,0,0,1,0,1
0000003244.bmp,163,0,4,0,0,0,1,0,1
0000003245.bmp,163,0,5,0,0,0,1,0,1
0000003246.bmp,163,0,6,0,0,0,1,0,1
0000003247.bmp,163,0,7,0,0,0,1,0,1
0000003248.bmp,163,0,8,0,0,0,1,0,1
0000003249.bmp,163,0,9,0,0,0,1,0,1
0000003250.bmp,163,0,10,0,0,0,1,0,1
0000003251.bmp,163,0,11,0,0,0,1,0,1
0000003252.bmp,163,0,12,0,0,0,1,0,1
0000003253.bmp,163,0,13,0,0,0,1,0,1
0000003254.bmp,163,0,14,0,0,0,1,0,1
0000003255.bmp,163,0,15,0,0,0,1,0,1
0000003256.bmp,163,0,16,0,0,0,1,0,1
0000003257.bmp,163,0,17,0,0,0,1,0,1
0000003258.bmp,163,0,18,0,0,0,1,0,1
0000003259.bmp,163,0,19,0,0,0,1,0,1
0000003260.bmp,163,0,20,0,0,0,1,0,1
0000003261.bmp,164,0,1,0,0,0,1,0,1
0000003262.bmp,164,0,2,0,0,0,1,0,1
0000003263.bmp,164,0,3,0,0,0,1,0,1
0000003264.bmp,164,0,4,0,0,0,1,0,1
0000003265.bmp,164,0,5,0,0,0,1,0,1
0000003266.bmp,164,0,6,0,0,0,1,0,1
0000003267.bmp,164,0,7,0,0,0,1,0,1
0000003268.bmp,164,0,8,0,0,0,1,0,1
0000003269.bmp,164,0,9,0,0,0,1,0,1
0000003270.bmp,164,0,10,0,0,0,1,0,1
0000003271.bmp,164,0,11,0,0,0,1,0,1
0000003272.bmp,164,0,12,0,0,0,1,0,1
0000003273.bmp,164,0,13,0,0,0,1,0,1
0000003274.bmp,164,0,14,0,0,0,1,0,1
0000003275.bmp,164,0,15,0,0,0,1,0,1
0000003276.bmp,164,0,16,0,0,0,1,0,1
0000003277.bmp,164,0,17,0,0,0,1,0,1
0000003278.bmp,164,0,18,0,0,0,1,0,1
0000003279.bmp,164,0,19,0,0,0,1,0,1
0000003280.bmp,164,0,20,0,0,0,1,0,1
0000003281.bmp,165,0,1,0,0,0,1,0,1
0000003282.bmp,165,0,2,0,0,0,1,0,1
0000003283.bmp,165,0,3,0,0,0,1,0,1
0000003284.bmp,165,0,4,0,0,0,1,0,1
0000003285.bmp,165,0,5,0,0,0,1,0,1
0000003286.bmp,165,0,6,0,0,0,1,0,1
0000003287.bmp,165,0,7,0,0,0,1,0,1
0000003288.bmp,165,0,8,0,0,0,1,0,1
0000003289.bmp,165,0,9,0,0,0,1,0,1
0000003290.bmp,165,0,10,0,0,0,1,0,1
0000003291.bmp,165,0,11,0,0,0,1,0,1
0000003292.bmp,165,0,12,0,0,0,1,0,1
0000003293.bmp,165,0,13,0,0,0,1,0,1
0000003294.bmp,165,0,14,0,0,0,1,0,1
0000003295.bmp,165,0,15,0,0,0,1,0,1
0000003296.bmp,165,0,16,0,0,0,1,0,1
0000003297.bmp,165,0,17,0,0,0,1,0,1
0000003298.bmp,165,0,18,0,0,0,1,0,1
0000003299.bmp,165,0,19,0,0,0,1,0,1
0000003300.bmp,165,0,20,0,0,0,1,0,1
0000003301.bmp,166,0,1,0,0,0,1,0,1
0000003302.bmp,166,0,2,0,0,0,1,0,1
0000003303.bmp,166,0,3,0,0,0,1,0,1
0000003304.bmp,166,0,4,0,0,0,1,0,1
0000003305.bmp,166,0,5,0,0,0,1,0,1
0000003306.bmp,166,0,6,0,0,0,1,0,1
0000003307.bmp,166,0,7,0,0,0,1,0,1
0000003308.bmp,166,0,8,0,0,0,1,0,1
0000003309.bmp,166,0,9,0,0,0,1,0,1
0000003310.bmp,166,0,10,0,0,0,1,0,1
0000003311.bmp,166,0,11,0,0,0,1,0,1
0000003312.bmp,166,0,12,0,0,0,1,0,1
0000003313.bmp,166,0,13,0,0,0,1,0,1
0000003314.bmp,166,0,14,0,0,0,1,0,1
0000003315.bmp,166,0,15,0,0,0,1,0,1
0000003316.bmp,166,0,16,0,0,0,1,0,1
0000003317.bmp,166,0,17,0,0,0,1,0,1
0000003318.bmp,166,0,18,0,0,0,1,0,1
0000003319.bmp,166,0,19,0,0,0,1,0,1
0000003320.bmp,166,0,20,0,0,0,1,0,1
0000003321.bmp,167,0,1,0,0,0,1,0,1
0000003322.bmp,167,0,2,0,0,0,1,0,1
0000003323.bmp,167,0,3,0,0,0,1,0,1
0000003324.bmp,167,0,4,0,0,0,1,0,1
0000003325.bmp,167,0,5,0,0,0,1,0,1
0000003326.bmp,167,0,6,0,0,0,1,0,1
0000003327.bmp,167,0,7,0,0,0,1,0,1
0000003328.bmp,167,0,8,0,0,0,1,0,1
0000003329.bmp,167,0,9,0,0,0,1,0,1
0000003330.bmp,167,0,10,0,0,0,1,0,1
0000003331.bmp,167,0,11,0,0,0,1,0,1
0000003332.bmp,167,0,12,0,0,0,1,0,1
0000003333.bmp,167,0,13,0,0,0,1,0,1
0000003334.bmp,167,0,14,0,0,0,1,0,1
0000003335.bmp,167,0,15,0,0,0,1,0,1
0000003336.bmp,167,0,16,0,0,0,1,0,1
0000003337.bmp,167,0,17,0,0,0,1,0,1
0000003338.bmp,167,0,18,0,0,0,1,0,1
0000003339.bmp,167,0,19,0,0,0,1,0,1
0000003340.bmp,167,0,20,0,0,0,1,0,1
0000003341.bmp,168,0,1,0,0,0,1,0,1
0000003342.bmp,168,0,2,0,0,0,1,0,1
0000003343.bmp,168,0,3,0,0,0,1,0,1
0000003344.bmp,168,0,4,0,0,0,1,0,1
0000003345.bmp,168,0,5,0,0,0,1,0,1
0000003346.bmp,168,0,6,0,0,0,1,0,1
0000003347.bmp,168,0,7,0,0,0,1,0,1
0000003348.bmp,168,0,8,0,0,0,1,0,1
0000003349.bmp,168,0,9,0,0,0,1,0,1
0000003350.bmp,168,0,10,0,0,0,1,0,1
0000003351.bmp,168,0,11,0,0,0,1,0,1
0000003352.bmp,168,0,12,0,0,0,1,0,1
0000003353.bmp,168,0,13,0,0,0,1,0,1
0000003354.bmp,168,0,14,0,0,0,1,0,1
0000003355.bmp,168,0,15,0,0,0,1,0,1
0000003356.bmp,168,0,16,0,0,0,1,0,1
0000003357.bmp,168,0,17,0,0,0,1,0,1
0000003358.bmp,168,0,18,0,0,0,1,0,1
0000003359.bmp,168,0,19,0,0,0,1,0,1
0000003360.bmp,168,0,20,0,0,0,1,0,1
0000003361.bmp,169,0,1,0,0,0,1,0,1
0000003362.bmp,169,0,2,0,0,0,1,0,1
0000003363.bmp,169,0,3,0,0,0,1,0,1
0000003364.bmp,169,0,4,0,0,0,1,0,1
0000003365.bmp,169,0,5,0,0,0,1,0,1
0000003366.bmp,169,0,6,0,0,0,1,0,1
0000003367.bmp,169,0,7,0,0,0,1,0,1
0000003368.bmp,169,0,8,0,0,0,1,0,1
0000003369.bmp,169,0,9,0,0,0,1,0,1
0000003370.bmp,169,0,10,0,0,0,1,0,1
0000003371.bmp,169,0,11,0,0,0,1,0,1
0000003372.bmp,169,0,12,0,0,0,1,0,1
0000003373.bmp,169,0,13,0,0,0,1,0,1
0000003374.bmp,169,0,14,0,0,0,1,0,1
0000003375.bmp,169,0,15,0,0,0,1,0,1
0000003376.bmp,169,0,16,0,0,0,1,0,1
0000003377.bmp,169,0,17,0,0,0,1,0,1
0000003378.bmp,169,0,18,0,0,0,1,0,1
0000003379.bmp,169,0,19,0,0,0,1,0,1
0000003380.bmp,169,0,20,0,0,0,1,0,1
0000003381.bmp,170,0,1,0,0,0,1,0,1
0000003382.bmp,170,0,2,0,0,0,1,0,1
0000003383.bmp,170,0,3,0,0,0,1,0,1
0000003384.bmp,170,0,4,0,0,0,1,0,1
0000003385.bmp,170,0,5,0,0,0,1,0,1
0000003386.bmp,170,0,6,0,0,0,1,0,1
0000003387.bmp,170,0,7,0,0,0,1,0,1
0000003388.bmp,170,0,8,0,0,0,1,0,1
0000003389.bmp,170,0,9,0,0,0,1,0,1
0000003390.bmp,170,0,10,0,0,0,1,0,1
0000003391.bmp,170,0,11,0,0,0,1,0,1
0000003392.bmp,170,0,12,0,0,0,1,0,1
0000003393.bmp,170,0,13,0,0,0,1,0,1
0000003394.bmp,170,0,14,0,0,0,1,0,1
0000003395.bmp,170,0,15,0,0,0,1,0,1
0000003396.bmp,170,0,16,0,0,0,1,0,1
0000003397.bmp,170,0,17,0,0,0,1,0,1
0000003398.bmp,170,0,18,0,0,0,1,0,1
0000003399.bmp,170,0,19,0,0,0,1,0,1
0000003400.bmp,170,0,20,0,0,0,1,0,1
0000003401.bmp,171,0,1,0,0,0,1,0,1
0000003402.bmp,171,0,2,0,0,0,1,0,1
0000003403.bmp,171,0,3,0,0,0,1,0,1
0000003404.bmp,171,0,4,0,0,0,1,0,1
0000003405.bmp,171,0,5,0,0,0,1,0,1
0000003406.bmp,171,0,6,0,0,0,1,0,1
0000003407.bmp,171,0,7,0,0,0,1,0,1
0000003408.bmp,171,0,8,0,0,0,1,0,1
0000003409.bmp,171,0,9,0,0,0,1,0,1
0000003410.bmp,171,0,10,0,0,0,1,0,1
0000003411.bmp,171,0,11,0,0,0,1,0,1
0000003412.bmp,171,0,12,0,0,0,1,0,1
0000003413.bmp,171,0,13,0,0,0,1,0,1
0000003414.bmp,171,0,14,0,0,0,1,0,1
0000003415.bmp,171,0,15,0,0,0,1,0,1
0000003416.bmp,171,0,16,0,0,0,1,0,1
0000003417.bmp,171,0,17,0,0,0,1,0,1
0000003418.bmp,171,0,18,0,0,0,1,0,1
0000003419.bmp,171,0,19,0,0,0,1,0,1
0000003420.bmp,171,0,20,0,0,0,1,0,1
0000003421.bmp,172,0,1,0,0,0,1,0,1
0000003422.bmp,172,0,2,0,0,0,1,0,1
0000003423.bmp,172,0,3,0,0,0,1,0,1
0000003424.bmp,172,0,4,0,0,0,1,0,1
0000003425.bmp,172,0,5,0,0,0,1,0,1
0000003426.bmp,172,0,6,0,0,0,1,0,1
0000003427.bmp,172,0,7,0,0,0,1,0,1
0000003428.bmp,172,0,8,0,0,0,1,0,1
0000003429.bmp,172,0,9,0,0,0,1,0,1
0000003430.bmp,172,0,10,0,0,0,1,0,1
0000003431.bmp,172,0,11,0,0,0,1,0,1
0000003432.bmp,172,0,12,0,0,0,1,0,1
0000003433.bmp,172,0,13,0,0,0,1,0,1
0000003434.bmp,172,0,14,0,0,0,1,0,1
0000003435.bmp,172,0,15,0,0,0,1,0,1
0000003436.bmp,172,0,16,0,0,0,1,0,1
0000003437.bmp,172,0,17,0,0,0,1,0,1
0000003438.bmp,172,0,18,0,0,0,1,0,1
0000003439.bmp,172,0,19,0,0,0,1,0,1
0000003440.bmp,172,0,20,0,0,0,1,0,1
0000003441.bmp,173,0,1,0,0,0,1,0,1
0000003442.bmp,173,0,2,0,0,0,1,0,1
0000003443.bmp,173,0,3,0,0,0,1,0,1
0000003444.bmp,173,0,4,0,0,0,1,0,1
0000003445.bmp,173,0,5,0,0,0,1,0,1
0000003446.bmp,173,0,6,0,0,0,1,0,1
0000003447.bmp,173,0,7,0,0,0,1,0,1
0000003448.bmp,173,0,8,0,0,0,1,0,1
0000003449.bmp,173,0,9,0,0,0,1,0,1
0000003450.bmp,173,0,10,0,0,0,1,0,1
0000003451.bmp,173,0,11,0,0,0,1,0,1
0000003452.bmp,173,0,12,0,0,0,1,0,1
0000003453.bmp,173,0,13,0,0,0,1,0,1
0000003454.bmp,173,0,14,0,0,0,1,0,1
0000003455.bmp,173,0,15,0,0,0,1,0,1
0000003456.bmp,173,0,16,0,0,0,1,0,1
0000003457.bmp,173,0,17,0,0,0,1,0,1
0000003458.bmp,173,0,18,0,0,0,1,0,1
0000003459.bmp,173,0,19,0,0,0,1,0,1
0000003460.bmp,173,0,20,0,0,0,1,0,1
0000003461.bmp,174,0,1,0,0,0,1,0,1
0000003462.bmp,174,0,2,0,0,0,1,0,1
0000003463.bmp,174,0,3,0,0,0,1,0,1
0000003464.bmp,174,0,4,0,0,0,1,0,1
0000003465.bmp,174,0,5,0,0,0,1,0,1
0000003466.bmp,174,0,6,0,0,0,1,0,1
0000003467.bmp,174,0,7,0,0,0,1,0,1
0000003468.bmp,174,0,8,0,0,0,1,0,1
0000003469.bmp,174,0,9,0,0,0,1,0,1
0000003470.bmp,174,0,10,0,0,0,1,0,1
0000003471.bmp,174,0,11,0,0,0,1,0,1
0000003472.bmp,174,0,12,0,0,0,1,0,1
0000003473.bmp,174,0,13,0,0,0,1,0,1
0000003474.bmp,174,0,14,0,0,0,1,0,1
0000003475.bmp,174,0,15,0,0,0,1,0,1
0000003476.bmp,174,0,16,0,0,0,1,0,1
0000003477.bmp,174,0,17,0,0,0,1,0,1
0000003478.bmp,174,0,18,0,0,0,1,0,1
0000003479.bmp,174,0,19,0,0,0,1,0,1
0000003480.bmp,174,0,20,0,0,0,1,0,1
0000003481.bmp,175,0,1,0,0,0,1,0,1
0000003482.bmp,175,0,2,0,0,0,1,0,1
0000003483.bmp,175,0,3,0,0,0,1,0,1
0000003484.bmp,175,0,4,0,0,0,1,0,1
0000003485.bmp,175,0,5,0,0,0,1,0,1
0000003486.bmp,175,0,6,0,0,0,1,0,1
0000003487.bmp,175,0,7,0,0,0,1,0,1
0000003488.bmp,175,0,8,0,0,0,1,0,1
0000003489.bmp,175,0,9,0,0,0,1,0,1
0000003490.bmp,175,0,10,0,0,0,1,0,1
0000003491.bmp,175,0,11,0,0,0,1,0,1
0000003492.bmp,175,0,12,0,0,0,1,0,1
0000003493.bmp,175,0,13,0,0,0,1,0,1
0000003494.bmp,175,0,14,0,0,0,1,0,1
0000003495.bmp,175,0,15,0,0,0,1,0,1
0000003496.bmp,175,0,16,0,0,0,1,0,1
0000003497.bmp,175,0,17,0,0,0,1,0,1
0000003498.bmp,175,0,18,0,0,0,1,0,1
0000003499.bmp,175,0,19,0,0,0,1,0,1
0000003500.bmp,175,0,20,0,0,0,1,0,1
0000003501.bmp,176,0,1,0,0,0,1,0,1
0000003502.bmp,176,0,2,0,0,0,1,0,1
0000003503.bmp,176,0,3,0,0,0,1,0,1
0000003504.bmp,176,0,4,0,0,0,1,0,1
0000003505.bmp,176,0,5,0,0,0,1,0,1
0000003506.bmp,176,0,6,0,0,0,1,0,1
0000003507.bmp,176,0,7,0,0,0,1,0,1
0000003508.bmp,176,0,8,0,0,0,1,0,1
0000003509.bmp,176,0,9,0,0,0,1,0,1
0000003510.bmp,176,0,10,0,0,0,1,0,1
0000003511.bmp,176,0,11,0,0,0,1,0,1
0000003512.bmp,176,0,12,0,0,0,1,0,1
0000003513.bmp,176,0,13,0,0,0,1,0,1
0000003514.bmp,176,0,14,0,0,0,1,0,1
0000003515.bmp,176,0,15,0,0,0,1,0,1
0000003516.bmp,176,0,16,0,0,0,1,0,1
0000003517.bmp,176,0,17,0,0,0,1,0,1
0000003518.bmp,176,0,18,0,0,0,1,0,1
0000003519.bmp,176,0,19,0,0,0,1,0,1
0000003520.bmp,176,0,20,0,0,0,1,0,1
0000003521.bmp,177,0,1,0,0,0,1,0,1
0000003522.bmp,177,0,2,0,0,0,1,0,1
0000003523.bmp,177,0,3,0,0,0,1,0,1
0000003524.bmp,177,0,4,0,0,0,1,0,1
0000003525.bmp,177,0,5,0,0,0,1,0,1
0000003526.bmp,177,0,6,0,0,0,1,0,1
0000003527.bmp,177,0,7,0,0,0,1,0,1
0000003528.bmp,177,0,8,0,0,0,1,0,1
0000003529.bmp,177,0,9,0,0,0,1,0,1
0000003530.bmp,177,0,10,0,0,0,1,0,1
0000003531.bmp,177,0,11,0,0,0,1,0,1
0000003532.bmp,177,0,12,0,0,0,1,0,1
0000003533.bmp,177,0,13,0,0,0,1,0,1
0000003534.bmp,177,0,14,0,0,0,1,0,1
0000003535.bmp,177,0,15,0,0,0,1,0,1
0000003536.bmp,177,0,16,0,0,0,1,0,1
0000003537.bmp,177,0,17,0,0,0,1,0,1
0000003538.bmp,177,0,18,0,0,0,1,0,1
0000003539.bmp,177,0,19,0,0,0,1,0,1
0000003540.bmp,177,0,20,0,0,0,1,0,1
0000003541.bmp,178,0,1,0,0,0,1,0,1
0000003542.bmp,178,0,2,0,0,0,1,0,1
0000003543.bmp,178,0,3,0,0,0,1,0,1
0000003544.bmp,178,0,4,0,0,0,1,0,1
0000003545.bmp,178,0,5,0,0,0,1,0,1
0000003546.bmp,178,0,6,0,0,0,1,0,1
0000003547.bmp,178,0,7,0,0,0,1,0,1
0000003548.bmp,178,0,8,0,0,0,1,0,1
0000003549.bmp,178,0,9,0,0,0,1,0,1
0000003550.bmp,178,0,10,0,0,0,1,0,1
0000003551.bmp,178,0,11,0,0,0,1,0,1
0000003552.bmp,178,0,12,0,0,0,1,0,1
0000003553.bmp,178,0,13,0,0,0,1,0,1
0000003554.bmp,178,0,14,0,0,0,1,0,1
0000003555.bmp,178,0,15,0,0,0,1,0,1
0000003556.bmp,178,0,16,0,0,0,1,0,1
0000003557.bmp,178,0,17,0,0,0,1,0,1
0000003558.bmp,178,0,18,0,0,0,1,0,1
0000003559.bmp,178,0,19,0,0,0,1,0,1
0000003560.bmp,178,0,20,0,0,0,1,0,1
0000003561.bmp,179,0,1,0,0,0,1,0,1
0000003562.bmp,179,0,2,0,0,0,1,0,1
0000003563.bmp,179,0,3,0,0,0,1,0,1
0000003564.bmp,179,0,4,0,0,0,1,0,1
0000003565.bmp,179,0,5,0,0,0,1,0,1
0000003566.bmp,179,0,6,0,0,0,1,0,1
0000003567.bmp,179,0,7,0,0,0,1,0,1
0000003568.bmp,179,0,8,0,0,0,1,0,1
0000003569.bmp,179,0,9,0,0,0,1,0,1
0000003570.bmp,179,0,10,0,0,0,1,0,1
0000003571.bmp,179,0,11,0,0,0,1,0,1
0000003572.bmp,179,0,12,0,0,0,1,0,1
0000003573.bmp,179,0,13,0,0,0,1,0,1
0000003574.bmp,179,0,14,0,0,0,1,0,1
0000003575.bmp,179,0,15,0,0,0,1,0,1
0000003576.bmp,179,0,16,0,0,0,1,0,1
0000003577.bmp,179,0,17,0,0,0,1,0,1
0000003578.bmp,179,0,18,0,0,0,1,0,1
0000003579.bmp,179,0,19,0,0,0,1,0,1
0000003580.bmp,179,0,20,0,0,0,1,0,1
0000003581.bmp,180,0,1,0,0,0,1,0,1
0000003582.bmp,180,0,2,0,0,0,1,0,1
0000003583.bmp,180,0,3,0,0,0,1,0,1
0000003584.bmp,180,0,4,0,0,0,1,0,1
0000003585.bmp,180,0,5,0,0,0,1,0,1
0000003586.bmp,180,0,6,0,0,0,1,0,1
0000003587.bmp,180,0,7,0,0,0,1,0,1
0000003588.bmp,180,0,8,0,0,0,1,0,1
0000003589.bmp,180,0,9,0,0,0,1,0,1
0000003590.bmp,180,0,10,0,0,0,1,0,1
0000003591.bmp,180,0,11,0,0,0,1,0,1
0000003592.bmp,180,0,12,0,0,0,1,0,1
0000003593.bmp,180,0,13,0,0,0,1,0,1
0000003594.bmp,180,0,14,0,0,0,1,0,1
0000003595.bmp,180,0,15,0,0,0,1,0,1
0000003596.bmp,180,0,16,0,0,0,1,0,1
0000003597.bmp,180,0,17,0,0,0,1,0,1
0000003598.bmp,180,0,18,0,0,0,1,0,1
0000003599.bmp,180,0,19,0,0,0,1,0,1
0000003600.bmp,180,0,20,0,0,0,1,0,1
0000003599.bmp,180,0,19,0,0,0,0,1,1
0000003600.bmp,180,0,20,0,0,0,0,1,1
